,No-Name,Cedula,E_Civil,Sexo,Escuela,A_Ingreso,Mod_Ingreso,S_Cursa,C_Direccion,Motivo_C,M_Inscritas,M_Aprobadas,M_Retiradas,M_Reprobadas,Promedio_Pond,Eficiencia,Reprobacion_Motiv,Materias_Actuales,Tesis,Veces_Tesis,Procedencia,Residencia,Acompanantes,Tipo_Vivienda,Direccion_Res_Alq,Matrimonio,Otro_Beneficio,F_Motiv_Sol_Benef,Actividad_Ingresos,Tipo_Frec_Actividad,Monto_Mensual_Beca,Mensual_Aporte_Resp,Mensual_Aporte_Amigos,Aporte_Destajo,Mensual_Ingreso_Total,Alimentacion,T_Publico,Gastos_Medicos,Gastos_Odonto,Gastos_Personales,Gastos_Alquiler,Gastos_Materiales,Gastos_Recreacion,Gastos_Otros,Total_Egresos,Responsable_Economico,Carga_Familiar,Ingreso_Responsable,Ingreso_Resp_Otros,Total_Ingreso_Resp,Vivienda,Gastos_Alimentacion_Resp,Gastos_Transporte_Resp,Gastos_Medicos_Resp,Gastos_Odonto_Resp,Gastos_Educativos_Resp,Gastos_SP_Gas,Condominio_Resp,Otros_Gastos_Resp,Total_Egresos_Resp,Opinion_Usuarios,Sugerencia_Recomendaciones,A_Periodo,N_Periodo,Dia_Nacimiento,Mes_Nacimiento,Anho_Nacimiento,"(140, 'Monto_Mensual_Beca')"
0,44,1,4,2,2,2007,1,5,0,,2,2,0,1,10.9273,0.4911,"Problemas de salud, enfermedad",1,0,0,0,0,24,0,Entre cuarta y quinta transversal monte cristo los ruices ,0,0,,0,,1500,0.0,0.0,0.0,1500.0,1000.0,500.0,800.0,0.0,1500.0,1500.0,400.0,0.0,500.0,6200.0,0,8,0.0,0.0,0.0,0.0,0.0,0.0,0.0,0.0,0.0,0.0,0.0,0.0,0.0,5,"Agradecida, declaro la ayuda económica muy buena y provechosa. ",2015,1,18,6,1951,1500
1,4,2,3,2,2,2006,2,6,0,,2,4,1,0,11.314000000000002,0.6688,,2,0,0,1,1,1,1,,0,0,,0,,1500,500.0,0.0,0.0,2000.0,4000.0,1500.0,0.0,1500.0,1000.0,120.0,600.0,0.0,2000.0,10720.0,1,4,6000.0,1000.0,7000.0,120.0,4000.0,1500.0,1000.0,1000.0,0.0,500.0,430.0,500.0,23050.0,5,muy buena la atención  ,2014,2,3,1,1977,1500
2,29,3,1,2,2,2006,2,5,0,,1,1,1,0,11.404,0.6512,Falta de tiempo para asistir a clases,2,0,0,1,1,2,9,calle soublette casa numero 19 sector borde sequia cerca del jardin numero 1 guarenas pueblo ,0,0,,1,cuido pacientes parapoder obtener un ingreso economico,200,0.0,2000.0,3000.0,5200.0,3000.0,2000.0,0.0,0.0,1000.0,0.0,500.0,0.0,200.0,6700.0,2,2,0.0,0.0,0.0,600.0,0.0,0.0,0.0,0.0,1000.0,300.0,0.0,0.0,7300.0,4,"de verdad que la he utilizado muy poco pero ,cuando la he necesitado he tenido una respuesta muy satisfactoria ",2014,2,14,3,1979,1500
3,59,4,1,2,2,2010,3,3,0,,2,2,2,0,6.9787,0.4681,"Mala distribución del tiempo, Lejanía entre la residencia y la universidad",3,0,0,2,2,3,9,ANTIMANO BARIO NUEVO CASA52,0,0,,0,,1500,500.0,0.0,0.0,2000.0,600.0,500.0,300.0,0.0,400.0,0.0,200.0,0.0,0.0,2000.0,3,4,4500.0,3000.0,7500.0,0.0,4000.0,2000.0,1000.0,0.0,1500.0,500.0,0.0,0.0,9000.0,1,"ESTA MUY BIEN
",2015,1,4,8,1982,1500
4,45,5,1,2,2,2011,2,6,0,,3,3,0,0,12.523,0.8333,,2,0,0,0,0,4,9,,0,0,,0,,1500,1200.0,1000.0,0.0,3700.0,500.0,400.0,0.0,0.0,1000.0,0.0,500.0,0.0,800.0,3200.0,4,4,744482.0,6000.0,1344482.0,0.0,7000.0,2000.0,0.0,0.0,0.0,800.0,0.0,444482.0,1344482.0,4,"que la trabajadora social trabaje todo el dia cuando este recopilando los documentos, ya que estoy cursando el internado rotatorio y no me da chance llegar antes de las 1 y 30. gracias.",2015,2,25,11,1982,1500
5,178,6,1,2,1,2008,2,9,0,,2,2,0,0,14.492,1.0,,2,1,1,2,2,5,1,,0,0,,0,,1500,1000.0,0.0,0.0,2500.0,1000.0,200.0,200.0,0.0,500.0,0.0,2000.0,0.0,100.0,4000.0,5,4,12551.0,2000.0,14551.0,0.0,10000.0,2000.0,9000.0,0.0,1000.0,500.0,0.0,1500.0,24000.0,5,Buena,2015,1,20,7,1986,1500
6,61,7,1,2,2,2007,2,4,0,,2,1,0,1,0.6,0.6,Problemas económicos,2,0,0,2,2,4,1,,0,0,,0,,1500,500.0,500.0,0.0,2500.0,500.0,500.0,1000.0,0.0,0.0,0.0,2000.0,0.0,500.0,4500.0,3,3,2500.0,,2500.0,0.0,4500.0,1000.0,3000.0,4000.0,10000.0,2000.0,400.0,400.0,25300.0,5,"aumente la becas por favor por que la situación económica esta grave no alcanza
",2015,1,27,9,1986,1500
7,168,8,1,2,1,2008,2,8,0,,4,1,3,0,12.739,0.8972,,3,0,0,0,0,6,9,,0,0,,0,,1500,2000.0,1000.0,0.0,4500.0,2000.0,500.0,500.0,0.0,500.0,0.0,1000.0,0.0,0.0,4500.0,3,2,8000.0,2000.0,10000.0,1500.0,3000.0,1000.0,1000.0,0.0,2000.0,1000.0,0.0,500.0,10000.0,5,"Establecer horarios más flexibles de atención al estudiante de Bioanalisis, al menos para la recepción de las planillas.",2014,2,27,2,1989,1500
8,66,9,1,2,1,2008,4,9,0,,2,2,0,0,12.725999999999999,0.9145,,2,1,1,2,2,5,9,,0,0,,0,,1500,400.0,0.0,0.0,1900.0,100.0,100.0,200.0,0.0,500.0,0.0,1000.0,0.0,100.0,2000.0,3,5,3500.0,1000.0,4500.0,0.0,2000.0,300.0,1000.0,200.0,0.0,700.0,0.0,350.0,4550.0,5,Excelente la idea de dirigirse a la escuela de Bioanálisis ya que por las clases nos queda poco tiempo para dirigirnos a la oficina y realizar los trámites. Gracias.,2015,1,7,7,1989,1500
9,79,10,1,1,1,2005,2,9,0,,5,5,0,0,11.957,0.638,,2,1,1,0,0,7,1,,0,0,,0,,1500,1000.0,0.0,0.0,2500.0,2700.0,1000.0,500.0,500.0,100.0,0.0,500.0,500.0,700.0,6500.0,5,2,19000.0,0.0,19152.137,0.0,8000.0,3000.0,3000.0,2000.0,5000.0,2000.0,1500.0,4000.0,28500.0,4,"no hay sugerencia, todo bien",2015,1,10,12,1987,1500
10,23,11,1,2,2,2012,2,5,0,,4,4,0,0,13.622,1.0,,3,0,0,2,2,5,1,,0,0,,0,,1500,1000.0,0.0,0.0,2500.0,500.0,400.0,0.0,0.0,200.0,0.0,800.0,0.0,600.0,2500.0,5,3,7028.0,5622.0,12650.0,0.0,6000.0,1000.0,0.0,0.0,2000.0,600.0,2000.0,1000.0,12600.0,5,Excelente  que exista un punto de asistencia para renovación en la escuela de enfermería.,2015,1,19,11,1988,1500
11,154,12,1,2,1,2007,2,7,1,situacion de salud de un familiar,4,2,0,2,12.135,0.5691,Lejanía entre la residencia y la universidad,4,0,0,3,2,5,9,,0,0,,0,,1800,800.0,0.0,0.0,2600.0,3000.0,3240.0,2500.0,1000.0,1000.0,0.0,2500.0,1000.0,500.0,14740.0,3,4,15186.0,,15186.0,0.0,6000.0,12960.0,12000.0,4500.0,0.0,1500.0,0.0,3000.0,39960.0,5,Mejor puntualidad,2015,1,4,7,1988,1500
12,147,13,1,2,1,2007,2,8,0,,2,0,0,2,12.488,0.645,"Problemas personales, Problemas económicos, Problemas de salud, Mala distribución del tiempo, Problemas con el/la docente",2,0,0,4,3,5,1,,0,0,,0,,1500,3000.0,2000.0,0.0,6500.0,2500.0,500.0,800.0,0.0,400.0,0.0,2000.0,0.0,300.0,6500.0,3,2,7000.0,5000.0,12000.0,0.0,5000.0,2000.0,0.0,0.0,0.0,1500.0,2000.0,1500.0,12000.0,5,"Gracias por su apoyo, hacen un excelente trabajo, estoy muy agradecida",2015,1,10,5,1989,1500
13,68,14,1,2,1,2007,4,10,0,,2,2,0,0,13.921,0.9272,,2,1,1,5,0,8,3,AVENIDA SANZ. CALLE SECTOR CONVENTO 1. EL MARQUES - LA CALIFORNIA NORTE. EDIFICIO CONTINENTAL. PISO 10. APTO 103. ,0,1,"2012, OBE. AYUDA ECONÓMICA. SOLVENTAR GASTOS DE ESTUDIOS Y TRANSPORTE.",1,STAFF DE EMPRESA DEPORTAIVA. UNO O DOS FINES DE SEMANA AL MES APROXIMADAMENTE.,1500,3000.0,1000.0,800.0,6300.0,1000.0,100.0,200.0,900.0,200.0,3000.0,600.0,100.0,200.0,6300.0,3,2,10257.0,9500.0,19757.0,0.0,10000.0,1000.0,2000.0,1200.0,0.0,1500.0,0.0,4000.0,19700.0,5,EXCELENTEATENCIÓN. SIGAN ASÍ!!,2015,1,14,8,1988,1500
14,149,15,1,2,1,2008,4,10,0,,0,0,0,0,13.097,0.8234999999999999,,1,1,1,6,4,5,9,,0,0,,0,,1500,500.0,0.0,0.0,2000.0,500.0,200.0,200.0,0.0,500.0,0.0,500.0,50.0,50.0,2000.0,5,5,5622.0,,5622.0,0.0,3500.0,500.0,500.0,0.0,0.0,1000.0,0.0,122.0,5622.0,5,excelente!,2015,1,25,1,1990,1500
15,125,16,1,1,1,2007,2,9,0,,3,3,0,0,12.532,0.8857000000000002,,1,1,1,2,2,4,1,,0,0,,0,,1500,0.0,0.0,0.0,1500.0,500.0,200.0,0.0,0.0,0.0,0.0,300.0,200.0,300.0,1500.0,3,1,3800.0,0.0,3800.0,0.0,3800.0,200.0,0.0,0.0,0.0,0.0,0.0,300.0,4300.0,3,"colocar las secciones de la distribución de gastos un poco más claras, por ejemplo a que se refieren con gastos personales y especificar si en el gasto familiar se incluya el gasto personal, ya que con el monto de la beca aporto a los gatos de alimentación, y al momento de llenar esas secciones, estuve en confusión",2014,2,26,12,1989,1500
16,139,17,1,1,1,2007,2,10,0,,1,1,0,0,13.278,0.9589000000000001,,1,1,1,2,2,5,9,,0,0,,0,,1500,800.0,200.0,0.0,2500.0,1000.0,1000.0,1500.0,1500.0,600.0,0.0,500.0,600.0,800.0,7500.0,5,3,8500.0,2000.0,10500.0,0.0,6500.0,2000.0,2000.0,1500.0,2500.0,800.0,0.0,1500.0,16800.0,5,siempre son muy receptivos. Hasta los momentos no tengo ninguna sugerencia.,2015,1,28,3,1990,1500
17,144,18,1,1,1,2006,2,8,0,,3,2,0,1,11.984,0.6214000000000001,Problemas económicos,3,0,0,7,2,7,5,,0,0,,0,,1500,0.0,0.0,0.0,8500.0,3000.0,0.0,0.0,0.0,0.0,0.0,1500.0,0.0,0.0,8500.0,5,4,5600.0,,15000.0,0.0,5000.0,500.0,0.0,0.0,0.0,0.0,0.0,0.0,15000.0,5,Buen Servicio,2014,2,5,2,1988,1500
18,184,19,1,1,1,2008,2,10,0,,2,2,0,0,13.179000000000002,0.9026,,2,1,1,2,2,5,0,,0,0,,0,,1500,500.0,200.0,200.0,2400.0,300.0,200.0,500.0,0.0,1000.0,0.0,1000.0,200.0,200.0,3400.0,6,3,9600.0,0.0,9600.0,0.0,5000.0,1000.0,1000.0,0.0,500.0,500.0,0.0,2000.0,10000.0,5,es un buen servicio,2015,1,27,4,1990,1500
19,114,20,1,2,1,2007,2,9,0,,1,1,0,0,13.669,0.8854,,2,1,1,2,2,7,1,,0,0,,0,,1500,7000.0,0.0,0.0,8500.0,3000.0,400.0,1500.0,0.0,0.0,0.0,2000.0,0.0,500.0,7400.0,5,3,11000.0,10000.0,21000.0,0.0,10000.0,2000.0,3000.0,0.0,3000.0,3000.0,1500.0,0.0,22500.0,5,"Este año no recibi el correo electronico para la renovacion como en los años pasados, me entere por el instagram de mi centro de estudiantes , me parecia mas efectiva la via de e mail.",2015,1,22,4,1985,1500
20,105,21,1,2,1,2008,4,9,0,,3,3,0,0,13.020999999999999,0.8304,,2,1,1,2,2,5,9,,0,0,,0,,1500,1000.0,0.0,0.0,2500.0,2000.0,500.0,500.0,0.0,500.0,0.0,1500.0,500.0,200.0,5700.0,3,5,13682.0,5000.0,18682.0,0.0,8000.0,2500.0,1000.0,0.0,3000.0,700.0,0.0,1500.0,16700.0,5,Excelente atención ,2014,2,26,12,1990,1500
21,67,22,3,2,1,2006,2,9,0,,1,1,0,0,12.165000000000001,0.7809,,1,1,1,2,2,3,9,,1,0,,0,,1500,500.0,0.0,0.0,2000.0,800.0,500.0,500.0,0.0,800.0,0.0,500.0,300.0,200.0,3600.0,7,4,6000.0,,6000.0,0.0,3000.0,1200.0,2000.0,0.0,3000.0,1000.0,0.0,1000.0,11200.0,5,"Tomar siempre en cuenta la situación económica del país y el beneficio de esta beca estudio y la importancia que tiene para los beneficiarios puesto es una de las únicas entradas que gozan algunos, Gracias.",2015,1,12,9,1989,1500
22,97,23,1,2,1,2008,4,10,0,,1,1,0,0,15.280000000000001,1.0,,1,1,2,6,4,5,9,,0,0,,0,,1500,3000.0,500.0,0.0,5000.0,1000.0,700.0,0.0,0.0,1300.0,0.0,1200.0,700.0,150.0,5050.0,6,2,16996.77,3000.0,19996.77,0.0,12500.0,2000.0,0.0,700.0,0.0,600.0,0.0,1200.0,17000.0,5,"seguir la renovación por este medio, me parece excelente esta vía ya que se evita el uso de hojas y se contribuye con el reciclaje y por lo tanto con el medio ambiente.",2014,2,15,9,1990,1500
23,195,24,1,2,1,2010,4,8,0,,5,5,0,0,14.844999999999999,1.0,,4,0,0,2,2,3,1,,0,0,,0,,1500,800.0,0.0,0.0,2300.0,8000.0,300.0,800.0,0.0,1200.0,0.0,600.0,0.0,10900.0,21800.0,6,3,12445.48,3000.0,15445.48,0.0,10000.0,600.0,0.0,0.0,0.0,2000.0,500.0,2000.0,15100.0,5,"agradecida, por las atenciones recibidas",2015,1,10,9,1991,1500
24,186,25,1,2,1,2009,2,10,0,,2,2,0,0,15.899000000000001,1.0,,2,1,1,1,1,3,1,,0,0,,0,,1000,2000.0,0.0,0.0,3000.0,1000.0,0.0,500.0,0.0,1000.0,0.0,250.0,1000.0,500.0,4250.0,3,2,10000.0,,10000.0,1500.0,5000.0,500.0,500.0,0.0,0.0,1000.0,1000.0,2000.0,11500.0,4,extender el horario de atencion a los estudiantes,2015,1,17,12,1990,1500
25,145,26,2,2,1,2006,4,5,1,Unión a pareja,2,0,2,0,12.947,0.6357999999999999,,1,0,0,5,5,1,6,,0,0,,0,,1500,2000.0,0.0,0.0,3500.0,0.0,400.0,0.0,1000.0,0.0,0.0,1000.0,0.0,300.0,2700.0,7,2,8000.0,,8000.0,0.0,6000.0,400.0,1000.0,1000.0,0.0,0.0,0.0,1000.0,9400.0,5,"Me parece que estan haciendo un buen trabajo, con excelente comunicación hacia los estudiantes.",2014,2,18,3,1989,1500
26,194,27,1,1,1,2008,2,8,0,,4,3,0,1,13.205000000000002,0.7697,"Problemas familiares, Problemas económicos, Falta de tiempo para estudiar, Deficientes hábitos de estudios",4,0,0,5,5,4,9,,0,0,,0,,1500,1000.0,200.0,0.0,2700.0,2000.0,150.0,0.0,0.0,200.0,0.0,350.0,0.0,0.0,2700.0,8,5,7500.0,,7500.0,0.0,5000.0,800.0,400.0,0.0,0.0,300.0,0.0,1000.0,7500.0,5,extender por unos dias mas la renovacion de la beca ya que por la complejidad de nuestros horarios se nos hace dificil asistir,2014,2,3,10,1990,1500
27,134,28,1,1,1,2010,2,8,0,,4,4,0,0,11.55,0.8952000000000002,,4,0,0,5,5,4,9,,0,0,,0,,1500,1200.0,0.0,0.0,2700.0,300.0,450.0,250.0,0.0,500.0,0.0,700.0,200.0,250.0,2650.0,4,3,5622.0,0.0,5622.0,0.0,3000.0,2000.0,300.0,0.0,200.0,100.0,0.0,0.0,5600.0,5,"Excelente trabajo, seria fantastico que presionaran a los organismos competentes para que llegue el dinero del aumento a la universidad ",2014,2,16,5,1991,1500
28,128,29,1,2,1,2009,4,6,0,,5,4,0,1,12.902000000000001,0.8013999999999999,"Problemas personales, Falta de tiempo para estudiar, Elevada carga horaria, Mala distribución del tiempo",4,0,0,2,2,5,9,,0,0,,0,,1500,1500.0,0.0,0.0,3000.0,0.0,600.0,0.0,650.0,0.0,0.0,3000.0,0.0,0.0,5000.0,3,2,7000.0,,7000.0,0.0,4000.0,2000.0,0.0,0.0,1000.0,0.0,0.0,0.0,7000.0,5,la atencion brindada es satisfactoria,2015,1,26,6,1991,1500
29,115,30,1,1,1,2010,2,6,0,,3,3,0,0,12.537,0.8303999999999998,,4,0,0,2,2,3,1,,0,0,,0,,1500,500.0,1000.0,0.0,3000.0,2000.0,500.0,0.0,0.0,600.0,0.0,600.0,0.0,200.0,3900.0,3,3,6700.0,,6700.0,0.0,10000.0,2000.0,0.0,0.0,0.0,0.0,0.0,0.0,12000.0,5,No tengo ninguna sugerencia,2015,1,29,1,1990,1500
30,86,31,1,2,1,2009,4,9,0,,4,4,0,0,14.18,1.0,,2,1,1,5,5,5,9,,0,0,,0,,1500,3000.0,2500.0,0.0,7000.0,2000.0,350.0,500.0,500.0,750.0,0.0,1500.0,1000.0,200.0,6800.0,5,4,8788.0,8000.0,16788.0,200.0,7000.0,2000.0,2500.0,1000.0,0.0,1000.0,0.0,1500.0,15200.0,5,Excelente atención,2015,1,18,9,1990,1500
31,137,32,1,2,1,2008,2,7,0,,4,3,0,1,13.225,0.7928999999999999,"Problemas de salud, Deficientes hábitos de estudios, Elevada carga horaria",4,0,0,8,6,5,7,,0,0,,0,,1500,1000.0,0.0,0.0,2500.0,0.0,850.0,0.0,0.0,500.0,0.0,1500.0,0.0,150.0,3000.0,5,4,6529.0,5000.0,11529.0,0.0,10000.0,1700.0,2000.0,0.0,0.0,0.0,0.0,500.0,14200.0,4,"Debido a lo apretado del horario de clases, muchas veces se nos hace difícil reunir ciertos requisitos con prontitud  o incluso entregarlos . Excelente sería una extensión de los horarios de renovación ",2015,1,5,11,1989,1500
32,50,33,1,2,2,2010,2,4,0,,3,4,0,0,11.916,0.5941000000000001,,3,1,3,0,0,3,1,"parroquia petare,urbanizacion el llanito, edf.orinoco, piso 1 apto 2",0,0,,0,,1500,1500.0,0.0,0.0,3000.0,700.0,1000.0,200.0,0.0,300.0,0.0,500.0,0.0,300.0,3000.0,3,3,24905.01,,24905.01,4300.0,9000.0,1500.0,3000.0,0.0,2500.0,1000.0,2600.0,1500.0,25400.0,5,"alargar las fecgas para la entrega de documentos para la renovación de becas, ya que muchos alumnos por el estudio no tiene tiempo de entregar los recaudos a tiempo",2015,1,18,2,1991,1500
33,40,34,1,2,2,2011,2,7,0,,2,2,0,0,14.087,0.9828999999999999,,2,0,0,9,7,4,1,"Avenida Luis Roche de Altamira, municipio Chacao, edf. Sassola, piso 2 apto. 23. ",0,0,,0,,1500,500.0,0.0,0.0,2000.0,0.0,300.0,0.0,300.0,500.0,0.0,1000.0,200.0,0.0,2300.0,4,1,8096.0,0.0,8096.0,1000.0,3000.0,300.0,500.0,0.0,1500.0,300.0,300.0,500.0,7400.0,5,Realizar todos los procesos via internet para ahorrar tiempo y que sea mas comodo. ,2014,2,24,11,1989,1500
34,198,35,1,2,1,2010,2,7,0,,6,5,1,1,11.935999999999998,0.7983,"Falta de tiempo para estudiar, Elevada carga horaria, Mala distribución del tiempo",6,0,0,5,5,3,9,,0,0,,0,,1500,3000.0,0.0,0.0,4500.0,2400.0,600.0,0.0,0.0,0.0,0.0,500.0,0.0,1600.0,5100.0,3,4,14000.0,,14000.0,0.0,8000.0,2200.0,0.0,0.0,0.0,600.0,0.0,2000.0,12800.0,3,ninguna,2015,1,22,6,1990,1500
35,189,36,1,2,1,2008,4,10,0,,2,2,0,0,14.873,0.966,,2,1,1,2,2,3,9,,0,0,,0,,1500,1600.0,0.0,0.0,3100.0,400.0,600.0,300.0,0.0,400.0,0.0,450.0,800.0,120.0,3070.0,3,1,10000.0,0.0,10000.0,4000.0,4000.0,900.0,700.0,0.0,0.0,150.0,0.0,180.0,9930.0,4,Mejorar el cumplimiento del horario de trabajo para la atención de los estudiantes.,2015,1,9,4,1990,1500
36,140,37,1,1,1,2008,2,10,0,,2,2,0,0,14.437999999999999,1.0,,2,1,1,6,4,3,1,,0,0,,0,,1500,4000.0,0.0,0.0,5500.0,3000.0,1840.0,0.0,0.0,3000.0,0.0,500.0,2000.0,1500.0,11840.0,3,5,23152.74,0.0,23152.74,0.0,10000.0,9640.0,0.0,5000.0,0.0,600.0,500.0,700.0,26440.0,4,"DEBE HABER MAS DIAS PARA LA RECEPCION DE LOS RECAUDOS, ASI COMO EL HORARIO PARA LA ENTREGA DE LOS RECAUDOS DEBE SER MAS LARGO",2014,2,6,9,1989,1500
37,161,38,1,2,1,2008,4,10,0,,2,2,0,0,14.193999999999999,1.0,,2,1,1,2,2,3,1,,0,0,,0,,1500,3000.0,235.0,0.0,4735.0,2000.0,2000.0,3000.0,2000.0,2000.0,0.0,2500.0,2000.0,1200.0,16700.0,3,1,9066.84,0.0,9066.84,0.0,5000.0,2000.0,3000.0,0.0,0.0,2000.0,0.0,3500.0,17500.0,4,prolongar horarios de atencion,2014,2,28,6,1991,1500
38,39,39,1,2,2,2010,2,6,1,porque mis padres se mudaron,2,2,0,0,13.266,0.9545,,2,0,1,2,2,10,9,"el junquito, km 12, urbanizacion luis hurtado, calle el campesino, casa sin numero",0,0,,0,,1500,4000.0,0.0,0.0,5500.0,2000.0,100.0,0.0,1000.0,500.0,0.0,500.0,500.0,200.0,4800.0,5,5,15000.0,0.0,15000.0,0.0,6000.0,0.0,0.0,0.0,0.0,500.0,0.0,500.0,7000.0,5,la atencion es muy buena,2014,2,22,3,1991,1500
39,163,40,1,2,1,2008,2,10,0,,2,2,0,0,14.556999999999999,1.0,,2,1,2,1,1,3,1,,0,0,,0,,1500,1500.0,0.0,0.0,3000.0,0.0,1500.0,0.0,0.0,0.0,0.0,500.0,0.0,0.0,2000.0,3,1,5622.48,5622.48,11244.96,0.0,5000.0,2000.0,0.0,0.0,0.0,0.0,500.0,1000.0,8500.0,5,SIGAN TRABAJANDO EN EL PROCESO DE AUTOMATIZACIÓN ,2015,1,21,9,1990,1500
40,100,41,1,2,1,2010,2,8,0,,5,5,0,0,14.338,1.0,,4,0,0,2,2,3,1,,0,0,,0,,1500,1000.0,0.0,0.0,2500.0,200.0,0.0,0.0,0.0,0.0,0.0,1000.0,0.0,300.0,2500.0,3,3,9000.0,,9000.0,600.0,5000.0,1000.0,0.0,0.0,500.0,300.0,600.0,1000.0,9000.0,5,excelente,2014,2,19,10,1991,1500
41,72,42,1,2,1,2008,2,8,0,,5,5,0,0,13.652000000000001,0.968,,5,0,0,0,0,5,1,,0,0,,0,,1500,1000.0,200.0,0.0,2700.0,400.0,100.0,0.0,0.0,600.0,0.0,1400.0,100.0,100.0,2700.0,5,5,7500.0,0.0,7500.0,0.0,4500.0,300.0,0.0,0.0,1300.0,600.0,600.0,300.0,7600.0,4,se recomienda mas difusion acerca de los servicios que ofrece obe la cual podriaser otorgada por correo electronico ,2014,2,23,11,1990,1500
42,119,43,1,2,1,2011,2,7,0,,4,4,0,0,13.6,1.0,,4,0,0,2,2,11,0,Av. Alma Mater Qta. Carmen Los chaguaramos,0,0,,0,,1500,500.0,0.0,0.0,2000.0,300.0,0.0,200.0,0.0,200.0,0.0,1000.0,0.0,300.0,2000.0,5,4,10000.0,5000.0,15000.0,0.0,8000.0,200.0,500.0,0.0,0.0,1000.0,0.0,1800.0,12000.0,5,SU ATENCIÓN  ES MUY BUENA,2014,2,18,5,1992,1500
43,120,44,1,2,1,2011,2,7,0,,4,4,0,0,13.6,1.0,,4,0,0,2,2,5,0,Av. Alma Mater Qta. Carmen Los Chaguaramos ,0,0,,0,,1500,500.0,0.0,0.0,2000.0,300.0,0.0,200.0,0.0,200.0,0.0,1000.0,0.0,300.0,2000.0,5,4,10000.0,5000.0,15000.0,0.0,8000.0,200.0,500.0,0.0,0.0,1000.0,0.0,1800.0,12000.0,5,SU ATENCIÓN ES MUY BUENA,2014,2,18,5,1992,1500
44,162,45,1,2,1,2010,2,7,0,,4,4,0,0,13.666,1.0,,4,0,0,2,2,11,0,"Av. Alma Mater Qta, Carmen Los Chaguaramos",0,1,OBE 2011 UCV . Motivo: ayuda económica para mis estudios ,0,,1500,500.0,0.0,0.0,2000.0,300.0,0.0,200.0,0.0,200.0,0.0,1000.0,0.0,300.0,2000.0,5,4,10000.0,5000.0,15000.0,0.0,8000.0,200.0,500.0,0.0,0.0,1000.0,0.0,1800.0,12000.0,5,Muy buena atención por parte de la OBE ,2014,1,18,5,1992,1500
45,152,46,1,1,1,2011,4,7,0,,4,2,0,2,14.2,0.9151,"Problemas personales, Mala distribución del tiempo",5,0,0,0,0,3,1,,0,0,,0,,1950,600.0,0.0,0.0,2550.0,1000.0,1000.0,0.0,0.0,1500.0,0.0,2000.0,1500.0,300.0,7300.0,3,2,7000.0,,7000.0,2000.0,5000.0,2000.0,0.0,0.0,0.0,500.0,0.0,1000.0,10500.0,5,Muy buen servicio,2014,2,21,4,1990,1500
46,199,47,1,1,1,2008,4,10,0,,1,1,0,0,16.712,1.0,,1,1,1,6,4,5,6,,0,0,,0,,1500,2000.0,0.0,0.0,3500.0,500.0,1000.0,0.0,0.0,0.0,0.0,2000.0,0.0,0.0,3500.0,5,5,16000.0,,16000.0,0.0,7000.0,1000.0,4000.0,1000.0,2000.0,1000.0,0.0,0.0,16000.0,5,Nada que mejorar.,2014,2,24,1,1991,1500
47,157,48,1,2,1,2008,2,2,0,,3,3,0,0,14.0,0.38639999999999997,,4,0,0,5,5,5,6,,0,1,AÑO 2011 AYUDA ECONÓMICA POR OBE PARA CUBRIR GASTOS  DE MATERIAL DE ESTUDIO.,0,,1500,1000.0,500.0,0.0,3000.0,400.0,400.0,2000.0,0.0,1000.0,0.0,1000.0,800.0,500.0,6100.0,5,4,1703645.0,2000.0,1705645.0,0.0,2500.0,700.0,2500.0,0.0,6000.0,500.0,0.0,580.0,12780.0,4,SER UN POCO MÁS EFICIENTE,2015,1,8,9,1990,1500
48,6,49,1,1,2,2009,2,5,0,,2,2,0,0,11.174000000000001,0.6117,,3,1,3,5,5,3,9,,0,0,,0,,1500,2800.0,0.0,0.0,4300.0,0.0,0.0,0.0,0.0,0.0,0.0,1800.0,0.0,0.0,1800.0,3,2,7000.0,,7000.0,1800.0,2000.0,2800.0,0.0,0.0,0.0,0.0,0.0,0.0,6600.0,4,seguir luchando para una beca mas considerada por los estudiantes ya que no nos alcanza para cubrir nuestros gasto de estudio un libro ya hoy en dia estan minimo 5000 bueno se que no es su culpa del moto que estamos recibiendo horita ,2015,1,27,5,1988,1500
49,77,50,1,2,1,2010,2,8,0,,4,3,1,1,13.5,0.95,Problemas de salud,4,0,0,1,1,5,6,,0,0,,0,,1500,2000.0,0.0,0.0,3500.0,2000.0,600.0,1000.0,0.0,2000.0,0.0,2000.0,2000.0,0.0,9600.0,3,4,17200.0,,17200.0,800.0,8000.0,2000.0,2000.0,2000.0,0.0,800.0,1900.0,2000.0,19500.0,5,manejar el sistema de msj de texto para los becarios de esta manera ayuda a estar mas informado,2014,2,24,8,1992,1500
50,17,51,1,2,2,2010,2,7,0,,2,2,0,0,12.565000000000001,0.9828999999999999,Mala distribución del tiempo,2,1,0,2,2,5,9,,0,0,,0,,1500,600.0,500.0,0.0,2600.0,400.0,560.0,300.0,0.0,1000.0,0.0,300.0,0.0,0.0,2560.0,5,5,40000.0,,40000.0,0.0,20000.0,1680.0,10000.0,0.0,0.0,800.0,0.0,5000.0,37480.0,5,Me parece muy eficiente este método de internet y no es como otros q se caen o tienen errores. ,2014,2,11,1,2015,1500
51,129,52,1,2,1,2009,2,7,0,,5,4,0,1,12.609,0.7586,Problemas familiares,4,0,0,2,2,3,9,,0,0,,0,,1500,1400.0,500.0,200.0,3600.0,400.0,2300.0,0.0,0.0,150.0,0.0,600.0,400.0,100.0,3950.0,3,3,8500.0,4000.0,12500.0,0.0,5500.0,3500.0,2000.0,0.0,0.0,400.0,0.0,800.0,12200.0,5,Siempre muy atentos y con mucha consideración con respecto a los problemas presentados. ,2014,2,26,7,1991,1500
52,71,53,1,2,1,2008,2,10,0,,2,2,0,0,13.675,0.9720000000000001,,2,1,1,2,2,5,1,Esquina de Amadores. Edif. Jose Gregorio Apart 23 piso 2 parroquia altagracia- caracas,0,0,,0,,1200,2000.0,2000.0,0.0,5200.0,30000.0,2000.0,10000.0,0.0,1000.0,0.0,2000.0,1000.0,1500.0,47500.0,9,3,22000.0,5000.0,27000.0,0.0,30000.0,3000.0,0.0,0.0,4500.0,1500.0,350.0,0.0,39350.0,5,efectiva,2015,1,22,2,1991,1500
53,177,54,1,1,1,2008,4,10,0,,1,1,0,0,14.906,1.0,,1,1,1,10,2,12,9,"CALLE EL DESVIO, DIAGONAL A LA AV. NUEVA GRANADA. URB. LA BANDERA. PARROQUIA SANTA ROSALIA. MUNICIPIO LIBERTADOR.",0,0,,0,,1500,1500.0,2000.0,0.0,5000.0,1000.0,250.0,0.0,0.0,750.0,1500.0,500.0,800.0,200.0,5000.0,3,3,7977.0,15000.0,22977.0,0.0,10000.0,500.0,500.0,0.0,3000.0,500.0,0.0,500.0,15000.0,5,"NINGUNA, COMPLETAMENTE SATISFECHO.",2015,1,11,7,1992,1500
54,123,55,1,2,1,2008,4,9,1,No me llegan correos de ustedes,4,4,0,0,13.654000000000002,1.0,,2,1,1,1,1,10,1,,0,0,,0,,1500,1500.0,0.0,0.0,3000.0,600.0,1300.0,0.0,0.0,400.0,0.0,700.0,0.0,0.0,3000.0,5,2,5622.0,0.0,5622.0,0.0,2000.0,500.0,1500.0,0.0,0.0,60.0,0.0,0.0,4060.0,5,Que envien la fecha de renovación de beca con anticipación por correo,2015,1,18,4,1991,1500
55,3,56,1,2,2,2008,2,7,0,,2,2,0,0,12.083,0.7877000000000001,,2,0,0,5,5,4,1,,0,0,,0,,1500,700.0,0.0,0.0,2200.0,500.0,200.0,200.0,0.0,600.0,0.0,150.0,0.0,200.0,1850.0,3,2,5600.0,,5600.0,0.0,2500.0,1000.0,0.0,0.0,0.0,300.0,500.0,300.0,4600.0,5,Seguir con la misma técnica de trabajo que tienen hasta ahora.,2014,2,7,4,1990,1500
56,13,57,1,2,2,2011,2,6,0,,3,3,0,0,12.065999999999999,0.9211,,2,1,3,2,2,5,1,,0,0,,0,,1500,800.0,0.0,0.0,2300.0,0.0,720.0,0.0,0.0,800.0,0.0,1000.0,500.0,0.0,3020.0,3,2,5622.0,,5622.0,0.0,3000.0,720.0,0.0,0.0,0.0,400.0,3000.0,2000.0,9120.0,5,Excelente atención y organización. Hubo un poco de problema para cargar la pág. al principio  hasta lograrlo después de varios intentos. ,2014,2,12,12,1990,1500
57,136,58,1,2,1,2010,2,7,0,,4,2,0,2,12.659,0.8197999999999999,"Mala distribución del tiempo, me costaron esas materias",4,0,0,2,2,5,1,,0,0,,0,,1500,2000.0,0.0,0.0,3500.0,2500.0,400.0,1000.0,0.0,3000.0,0.0,2000.0,0.0,500.0,9400.0,3,3,15000.0,15000.0,30000.0,0.0,12000.0,2000.0,2000.0,0.0,3500.0,700.0,2200.0,1200.0,23600.0,4,Todo bien,2015,1,11,10,1990,1500
58,182,59,1,2,1,2008,3,9,1,mudanza ,1,1,0,0,13.172,0.9026,,2,1,1,6,2,5,1,,0,0,,0,,1500,500.0,100.0,0.0,2100.0,100.0,700.0,0.0,0.0,200.0,0.0,500.0,500.0,200.0,2200.0,6,3,15000.0,,15000.0,0.0,10000.0,1000.0,5000.0,3000.0,3000.0,1000.0,1000.0,2000.0,26000.0,4,colocar un lapso mas largo para la renovación de beca (semana) ,2014,2,25,7,1990,1500
59,183,60,1,2,1,2009,4,9,0,,4,4,0,0,16.3,1.0,,2,1,1,1,1,3,0,,0,0,,0,,1500,2500.0,500.0,0.0,4500.0,800.0,800.0,0.0,500.0,1000.0,0.0,1000.0,400.0,0.0,4500.0,3,2,8000.0,2000.0,10000.0,0.0,5000.0,500.0,500.0,0.0,0.0,800.0,300.0,400.0,7500.0,5,"sigan asi, atendiendo al estudiante con amor.. prestando el servicio de orientación estudiantil como hasta ahora se han venido destacando. cada dia mejoraremos todos como universidad y sociedad.",2015,1,8,9,1992,1500
60,158,61,1,2,1,2008,2,10,0,,1,1,0,0,14.870999999999999,1.0,,1,1,1,2,2,3,1,,0,0,,0,,1500,1000.0,0.0,0.0,2500.0,800.0,60.0,100.0,0.0,300.0,0.0,500.0,400.0,500.0,2660.0,3,2,14827.0,6000.0,20827.0,0.0,12000.0,1660.0,4000.0,2000.0,1150.0,1330.0,2000.0,1800.0,25940.0,4,Muy bueno el trato siempre,2015,1,21,3,1991,1500
61,70,62,1,2,1,2010,2,6,0,,3,2,0,1,12.487,0.7692,"Problemas personales, Problemas familiares, Problemas económicos, Problemas de salud, Falta de tiempo para asistir a clases",5,0,0,0,0,3,1,,0,0,,0,,1500,700.0,500.0,0.0,2700.0,2000.0,600.0,800.0,2000.0,1500.0,0.0,2500.0,500.0,400.0,10300.0,3,1,12500.0,,12500.0,0.0,3500.0,200.0,900.0,700.0,0.0,800.0,2000.0,1000.0,10000.0,5,que extiendan un poco mas el horario de la entrega de los requisitos para la renovacion ya que muchos tenemos horarios de clases con poca flexibilidad como por ejemplo laboratorios todo el dia con un tiempo limitado de almuerzo y descanso,2014,1,20,9,1991,1500
62,9,63,1,2,2,2010,2,7,0,,2,2,0,0,12.704,0.9273999999999999,,2,0,0,4,3,3,6,,0,0,,0,,1500,1000.0,0.0,0.0,2500.0,1200.0,760.0,0.0,0.0,140.0,0.0,400.0,0.0,0.0,2500.0,3,4,6850.0,,6850.0,0.0,4000.0,600.0,325.0,0.0,0.0,490.0,0.0,1435.0,6850.0,5,"me parece que realizan un trabajo excelente, muy eficientes, ya que son puntuales dan respuesta oportuna a nuestras dudas u interrogantes. 

excelente que la Lic. Analeth se dirija a nuestra escuela, ya que en muchas cosas esta escuela no la toman mucho en cuenta.",2014,2,20,7,1992,1500
63,173,64,1,2,1,2008,2,7,0,,5,2,0,3,11.453,0.6177999999999999,"Problemas personales, Deficientes hábitos de estudios",5,0,0,11,2,5,1,,0,0,,0,,1500,500.0,0.0,0.0,2000.0,300.0,300.0,0.0,0.0,300.0,0.0,1000.0,0.0,100.0,2000.0,6,2,9000.0,7000.0,16000.0,6000.0,5000.0,0.0,2000.0,0.0,0.0,2000.0,0.0,1000.0,16000.0,5,Agradezco toda la ayuda prestada por parte del servicio de trabajo social y ser comprensivos con respecto a las situaciones de cada estudiante,2015,1,23,8,1989,1500
64,190,65,1,2,1,2008,4,10,0,,1,1,0,0,14.459999999999999,0.9720000000000001,,1,1,1,2,2,10,3,"el cementerio Av. Soosevelt, sector los jabillos, , quinta floriver",0,0,,0,,1500,4000.0,1000.0,0.0,6500.0,2000.0,1000.0,0.0,0.0,0.0,2700.0,2000.0,0.0,0.0,7700.0,4,2,11000.0,,11000.0,2700.0,5000.0,3000.0,0.0,2000.0,4000.0,100.0,0.0,0.0,16800.0,3,mejorar la comunicaciòn de las fechas de renovaciòn.,2015,1,4,5,1992,1500
65,78,66,1,2,1,2010,2,5,0,,5,3,1,1,12.985999999999999,0.7526,"Falta de tiempo para estudiar, Mala distribución del tiempo, Lejanía entre la residencia y la universidad",4,0,0,2,2,5,1,"Av. Guzmán Blanco, cota 905. Res. La Veguita. Edif Los Monjes. Piso 9 ",0,0,,0,,1500,600.0,0.0,0.0,2100.0,400.0,550.0,0.0,0.0,200.0,0.0,900.0,0.0,0.0,2050.0,5,4,14000.0,8000.0,22000.0,0.0,9000.0,5000.0,2000.0,0.0,0.0,1600.0,800.0,1500.0,19900.0,4,En general la atención prestada es buena. ,2015,1,18,12,1990,1500
66,127,67,1,2,1,2008,4,8,0,,3,3,0,0,12.75,0.85,,2,0,0,12,2,10,0,LOS ROSALES. AV EL PASEO. QUINTA VILLA COROMOTO,0,0,,0,,1500,3000.0,0.0,0.0,4500.0,1700.0,100.0,0.0,0.0,300.0,1900.0,500.0,0.0,0.0,4500.0,3,3,9000.0,,9000.0,0.0,5000.0,500.0,0.0,0.0,0.0,0.0,0.0,0.0,9000.0,5,ESTOY SATISFECHA CON SU ATENCION,2015,1,21,9,1991,1500
67,197,68,1,1,1,2009,4,8,0,,5,5,0,0,12.975,0.8962999999999999,,4,0,0,13,2,2,1,,0,0,,0,,1500,4500.0,0.0,0.0,6000.0,1500.0,500.0,800.0,300.0,600.0,0.0,1000.0,800.0,500.0,6000.0,3,3,9800.0,6000.0,15800.0,0.0,4000.0,1000.0,3000.0,2000.0,1000.0,800.0,1500.0,2500.0,15800.0,5,Buena atención y proceso mas rápido al estar en la escuela de bioanalisis para la recepción de documentos.,2014,2,26,10,1991,1500
68,143,69,1,2,1,2008,4,9,0,,4,4,0,0,13.489,0.9456,,2,1,1,2,2,3,1,,0,0,,0,,1500,3000.0,0.0,0.0,4500.0,2000.0,300.0,200.0,0.0,500.0,0.0,1000.0,300.0,200.0,4500.0,3,3,5622.0,4000.0,9622.0,0.0,5000.0,100.0,900.0,0.0,0.0,600.0,1000.0,0.0,7700.0,4,Me parece prestan buena atención al público ,2014,2,23,8,1991,1500
69,24,70,1,2,2,2011,2,5,0,,3,2,0,1,12.218,0.9142999999999999,"Problemas con el/la docente, Lejanía entre la residencia y la universidad",2,0,0,6,4,3,6,,0,0,,0,,1500,1400.0,2000.0,0.0,4900.0,0.0,2420.0,2000.0,1500.0,2500.0,0.0,2000.0,0.0,1000.0,11420.0,3,3,10900.0,4000.0,14900.0,6000.0,5000.0,7664.0,4000.0,2000.0,2350.0,380.0,300.0,700.0,28394.0,4,Concidero que es apta ya que por ser la única escuela que se encuentra lejos de la ciudad universitaria nos facilitan aceptar los datos requeridos en dicha escuela,2014,2,30,5,1993,1500
70,65,71,1,2,1,2009,2,10,0,,1,1,0,0,14.814000000000002,1.0,,1,1,1,0,0,5,1,,0,0,,0,,1500,2500.0,0.0,0.0,4000.0,1200.0,300.0,0.0,0.0,1000.0,0.0,1500.0,0.0,0.0,4000.0,5,3,6761.0,,6761.0,0.0,3000.0,900.0,0.0,0.0,0.0,0.0,0.0,0.0,3900.0,5,Felicidades por hacer esta parte del proceso vía internet,2015,1,1,11,1991,1500
71,102,72,1,2,1,2009,4,9,0,,4,4,0,0,14.314,0.9722,,2,1,1,14,2,2,1,Edificio Doralta. Avenida Las Acacias.Caracas.,0,0,,0,,1500,2000.0,1000.0,0.0,4500.0,1500.0,200.0,1000.0,0.0,1000.0,0.0,800.0,0.0,0.0,4500.0,5,4,10323.0,0.0,10323.0,0.0,6123.0,200.0,1000.0,1000.0,1000.0,500.0,0.0,500.0,10323.0,5,"Excelente trabajo, agradecida por la ayuda aportada todo este tiempo.",2015,1,28,6,1993,1500
72,172,73,1,1,1,2011,2,8,0,,4,4,0,0,13.0,1.0,,4,0,0,1,1,3,1,,0,0,,0,,1500,1500.0,0.0,0.0,3000.0,1000.0,1000.0,1000.0,0.0,1000.0,0.0,1000.0,500.0,500.0,6000.0,3,2,30000.0,,30000.0,0.0,15000.0,5000.0,2000.0,0.0,1500.0,3000.0,1000.0,2000.0,29500.0,5,EVALUAR LA POSIBILIDAD DE SUBIR EL MONTO DE LA BECA YA QUE 1500BSF NO SE AJUSTA A LA REALIDAD DE GASTOS QUE POSEE UN ESTUDIANTE,2015,1,19,10,1991,1500
73,55,74,1,2,2,2011,2,8,0,,2,2,10,3,14.13,1.0,,3,0,0,0,0,16,3,"av principal francisco de miranda, boleita sur, edificio sarina piso 4 apartamento 4-1.",0,0,,0,,1500,3500.0,1500.0,0.0,6500.0,1500.0,300.0,0.0,0.0,500.0,4000.0,200.0,0.0,0.0,6500.0,5,2,7000.0,2000.0,9000.0,0.0,2000.0,500.0,2000.0,0.0,0.0,1000.0,800.0,1000.0,7300.0,4,"la gestión es mucho mas rápida por este medio, no tengo inconvenientes de ningún tipo con el servicio de becas estudiantil.",2015,1,12,7,1993,1500
74,104,75,1,2,1,2011,4,7,0,,5,5,0,0,15.557,1.0,,5,0,0,7,3,2,3,"Urbanización Cumbres de Curumo, Avenida Principal, Edificio Araucaria",0,0,,0,,1500,6000.0,0.0,0.0,7500.0,2000.0,300.0,200.0,0.0,400.0,3000.0,500.0,0.0,200.0,6700.0,5,5,10000.0,5000.0,15000.0,0.0,7000.0,400.0,1000.0,0.0,200.0,1500.0,500.0,2000.0,12600.0,5,"No presento quejas al respecto, de verdad que la beca es una gran ayuda para los estudiantes y más ahora en la situación en la que vivimos",2015,2,13,4,1993,1500
75,116,76,1,2,1,2013,2,3,0,,5,5,0,0,15.388,1.0,,6,0,0,2,2,5,1,,0,0,,0,,1500,2500.0,0.0,0.0,4000.0,4000.0,400.0,700.0,600.0,700.0,0.0,700.0,500.0,260.0,7860.0,5,4,37318.75,,37318.75,0.0,20000.0,1300.0,3000.0,600.0,5400.0,700.0,1900.0,10000.0,42900.0,5,"que todo el proceso se pueda llevar en base electronica, mediante el scan de documentos",2014,2,20,7,1991,1500
76,103,77,1,2,1,2012,2,4,0,,6,5,1,0,14.960999999999999,1.0,,5,0,0,2,2,5,1,,0,0,,0,,1500,1500.0,0.0,0.0,3000.0,700.0,500.0,500.0,0.0,500.0,0.0,1000.0,500.0,0.0,3700.0,3,4,9777.0,5000.0,14777.0,0.0,5000.0,1500.0,2000.0,0.0,1500.0,3000.0,1000.0,1000.0,15000.0,4,MUY BUEN SERVICIO,2015,1,8,7,1994,1500
77,48,78,1,2,2,2014,3,3,0,,5,5,0,0,16.833,1.0,,5,0,0,9,7,3,3,"calle miranda, chacao",0,0,,0,,1500,1500.0,0.0,0.0,3000.0,400.0,300.0,0.0,0.0,500.0,0.0,650.0,700.0,450.0,3000.0,3,1,7500.0,,7500.0,4120.0,1000.0,100.0,900.0,0.0,0.0,400.0,0.0,300.0,6820.0,4,"en lugar de tener un solo trabajador social para gestionar la beca, asignar un segundo para cubrir la gran demanda ",2014,2,3,4,1993,1500
78,76,79,1,2,1,2010,2,7,0,,4,4,0,0,14.114,1.0,,4,0,0,2,2,17,1,"Altagracia norte 4, esq. De salas.",0,0,,0,,1500,1000.0,0.0,0.0,2500.0,0.0,0.0,0.0,0.0,0.0,0.0,4000.0,0.0,500.0,4500.0,3,2,12000.0,,12000.0,2000.0,4000.0,2000.0,0.0,0.0,0.0,700.0,500.0,0.0,10000.0,5,No cambiar tanto a la trabajadora social.,2015,1,10,1,1992,1500
79,31,80,1,2,2,2014,2,3,0,,5,5,0,0,11.833,1.0,,5,0,0,2,2,5,1,,0,0,,0,,1500,1000.0,0.0,0.0,2500.0,500.0,400.0,0.0,0.0,250.0,0.0,800.0,0.0,600.0,2550.0,5,3,7028.0,5622.0,12650.0,0.0,6000.0,1000.0,0.0,0.0,2000.0,600.0,2000.0,1000.0,12600.0,5,Excelente forma de renovar.,2015,1,8,10,1992,1500
80,169,81,1,2,1,2010,2,7,0,,4,4,0,0,13.196,0.9824999999999999,,6,0,0,2,2,5,1,23 de Enero,0,0,,0,,1500,2000.0,1000.0,0.0,4500.0,1000.0,1000.0,300.0,0.0,700.0,0.0,1000.0,0.0,500.0,4500.0,6,2,10000.0,10000.0,20000.0,0.0,13000.0,3000.0,1000.0,0.0,0.0,1000.0,200.0,1500.0,19700.0,5,...,2014,2,13,9,1991,1500
81,99,82,1,2,1,2011,2,7,0,,4,4,0,0,14.59,1.0,,5,0,0,2,2,3,1,,0,1,Beca ayudantía en el año 2011 Universidad Central de Venezuela (OBE) apoyo económico para material de estudio,0,,1500,0.0,0.0,1000.0,2500.0,500.0,0.0,0.0,0.0,500.0,0.0,1500.0,0.0,0.0,2500.0,3,2,6050.0,,6050.0,1500.0,3200.0,500.0,0.0,0.0,0.0,800.0,0.0,0.0,6000.0,4,Un horario un poco más amplio de atención ya que el horario de clases siempre choca,2014,2,13,8,1992,1500
82,113,83,1,2,1,2009,2,8,0,,5,3,0,2,12.0,0.7982000000000001,"Problemas personales, Problemas económicos",5,0,0,3,4,19,1,"Urb. La Rosaleda Sur, Edf. Atabapo",0,0,,0,,1000,1500.0,3000.0,1000.0,6500.0,1500.0,300.0,300.0,0.0,1000.0,1000.0,3000.0,1000.0,2000.0,10100.0,3,2,11550.0,7000.0,18550.0,0.0,9000.0,1000.0,1000.0,0.0,3000.0,3000.0,600.0,2000.0,19600.0,5,"Consideracion para los estudiantes , ya que somos una de las victimas mas afectadas de esta horrible inflación , los materiales de estudio se han vuelto cada vez mas costosos y pues estudiar es ya casi una mision dificil por no decir imposible",2015,1,24,1,1992,1500
83,191,84,1,2,1,2011,4,6,0,,5,5,0,0,13.67,0.9670000000000001,,4,0,0,15,2,4,9,,0,1,"solicitud en 2013. 
ayuda economica 
",0,,1500,2000.0,0.0,0.0,3500.0,1500.0,500.0,0.0,0.0,0.0,0.0,1000.0,0.0,500.0,3500.0,5,2,5000.0,,5000.0,0.0,3000.0,500.0,500.0,0.0,0.0,300.0,0.0,700.0,5000.0,5,para la renovacion de becas extender el horario de atencion .,2014,2,29,10,1993,1500
84,98,85,1,1,1,2011,4,7,0,,4,4,0,0,14.675999999999998,1.0,,4,0,0,11,2,20,0,,0,1,"Año solicitud 2013
Institución: Universidad Central de Venezuela (OBE)
Motivo: Transporte, Materiales Estudios, Comida",0,,1500,1500.0,0.0,0.0,3000.0,900.0,1600.0,0.0,0.0,0.0,0.0,500.0,0.0,0.0,3000.0,3,3,5622.0,,5622.0,0.0,2500.0,1000.0,2000.0,0.0,0.0,122.0,0.0,0.0,5622.0,4,"Colocar un amplio horario de atención, debido a que chocan con los horario académicos",2014,2,21,6,1993,1500
85,138,86,1,1,1,2011,4,7,0,,4,4,0,0,15.877,1.0,,6,0,0,2,2,5,9,,0,0,,0,,1500,800.0,0.0,0.0,2300.0,500.0,150.0,0.0,0.0,600.0,0.0,1000.0,0.0,50.0,2300.0,3,3,8000.0,,8000.0,1500.0,4000.0,500.0,2000.0,0.0,0.0,0.0,0.0,0.0,8000.0,4,"la atención brindada esta acorde con el tramite realizado, lo puedo catalogar como buena.",2014,2,20,2,1992,1500
86,20,87,1,2,2,2010,2,7,0,,2,2,0,0,12.9,0.9,,2,0,1,2,2,3,1,,0,0,,0,,1500,1000.0,0.0,0.0,2500.0,500.0,800.0,0.0,0.0,0.0,0.0,500.0,200.0,500.0,2500.0,3,5,5600.0,5000.0,10600.0,0.0,5000.0,1200.0,600.0,0.0,1000.0,1000.0,800.0,1000.0,10600.0,5,Ninguna esto nos ayuda a agilizar el proceso ,2015,2,7,6,1993,1500
87,11,88,1,2,2,2009,2,5,1,"vivia con mi tia, ahora vivo con mi madre en los valles del tuy",2,2,0,0,11.604000000000001,0.76,,2,0,0,5,5,3,9,,0,1,fames ayuda para maternidad,0,,1500,1000.0,0.0,0.0,2500.0,500.0,1000.0,0.0,0.0,500.0,0.0,500.0,0.0,0.0,2500.0,3,4,4480.0,2000.0,6480.0,0.0,2000.0,1000.0,0.0,0.0,0.0,1000.0,600.0,1000.0,5600.0,5,la atencion siempre a sido excelente y  tiempo. y lo mejor es que ahora la renovación la podemos hacer en la escuela,2014,2,3,4,1992,1500
88,81,89,1,2,1,2012,2,5,0,,4,4,0,0,17.22,1.0,,7,0,0,9,7,3,9,,0,0,,0,,1500,400.0,0.0,0.0,1900.0,1500.0,400.0,300.0,0.0,1000.0,0.0,1000.0,500.0,500.0,5200.0,3,2,7980.0,,7980.0,0.0,7000.0,1000.0,1500.0,0.0,0.0,400.0,0.0,800.0,10700.0,5,muy buen servicio,2014,2,18,4,1993,1500
89,181,90,1,2,1,2010,2,7,0,,5,4,1,0,13.335999999999999,0.9303999999999999,,4,0,0,16,2,2,1,,0,0,,0,,1500,500.0,500.0,0.0,2500.0,1000.0,600.0,200.0,0.0,1000.0,0.0,2000.0,500.0,300.0,5600.0,4,4,9100.0,,9100.0,0.0,4000.0,1000.0,0.0,0.0,1000.0,500.0,0.0,0.0,6500.0,4,mayor flexibilidad en el horario de renovacion de beca.,2015,1,24,5,1991,1500
90,25,91,1,2,2,2010,2,6,0,,3,3,0,0,11.158,0.6949,,1,1,0,1,2,3,1,,0,0,,0,,1500,1000.0,0.0,0.0,2500.0,0.0,1500.0,0.0,0.0,0.0,0.0,1000.0,0.0,0.0,2500.0,3,4,5500.0,,7000.0,0.0,5000.0,500.0,0.0,0.0,0.0,0.0,0.0,0.0,5500.0,4,cumplir con el pago a tiempo.,2014,2,21,11,1992,1500
91,175,92,1,2,1,2010,2,4,0,,3,1,1,1,12.7,0.7272999999999998,"Problemas familiares, Deficiente formación del bachillerato",4,0,0,1,1,5,6,,0,0,,0,,1500,1500.0,0.0,0.0,3000.0,1200.0,700.0,300.0,0.0,300.0,0.0,300.0,0.0,200.0,3000.0,3,5,10810.91,7500.0,18310.91,400.0,5000.0,1400.0,2450.0,1000.0,3500.0,750.0,800.0,3000.0,18300.0,5,"seguir manteniendo el buen trato con los alumnos, y mantenernos informados de lo que ocurre en la univerisidad con respecto a la beca",2015,1,22,5,1993,1500
92,5,93,1,2,2,2011,4,7,0,,2,2,0,0,13.078,0.9828999999999999,,2,1,3,1,1,5,9,,0,0,,0,,1500,900.0,0.0,0.0,2400.0,700.0,500.0,0.0,0.0,100.0,0.0,1000.0,0.0,100.0,2400.0,5,4,8000.0,,8000.0,800.0,4000.0,1500.0,0.0,0.0,650.0,250.0,400.0,300.0,7900.0,4,"Tomar en cuenta que continuamos cursando estudios en la universidad y debido a la situación del país se ha hecho difícil conseguir un empleo en la rama de enfermería, que facilite el horario y colabora al crecimiento profesional educativo.",2014,2,27,8,1993,1500
93,69,94,1,2,1,2011,4,6,0,,6,5,1,0,13.227,0.8587,,3,0,0,17,3,4,1,,0,0,,0,,1500,1500.0,0.0,0.0,3000.0,500.0,100.0,300.0,0.0,600.0,0.0,1300.0,200.0,0.0,3000.0,5,3,6700.0,0.0,6700.0,0.0,5000.0,1000.0,1500.0,0.0,2000.0,1000.0,0.0,700.0,11200.0,3,"Luchar por un aumento de beca ya que la situación económica es realmente fuerte, aun más para aquellos que presentan bajos recursos monetarios al mes",2014,2,17,8,1993,1500
94,101,95,1,2,1,2009,2,8,0,,4,4,0,0,13.222,0.9512,,3,0,0,0,0,3,1,,0,0,,0,,1500,3000.0,1000.0,0.0,5500.0,2000.0,1500.0,1000.0,0.0,2500.0,0.0,2000.0,2500.0,355.0,11855.0,5,2,10000.0,8000.0,18000.0,0.0,12000.0,3000.0,0.0,0.0,2500.0,3500.0,2100.0,5000.0,28100.0,5,Siempre son amables y responsables. Ojalá pudieran tener mas apoyo para poder hacer mas!,2014,2,9,11,1992,1500
95,150,96,1,2,1,2008,3,10,0,,0,0,0,0,12.947,0.9267,,1,1,1,2,2,3,9,,0,0,,0,,1500,600.0,600.0,0.0,2700.0,1000.0,500.0,1000.0,1000.0,500.0,0.0,1500.0,1000.0,1000.0,7500.0,3,4,5622.48,3000.0,8622.48,0.0,3000.0,1500.0,1000.0,1000.0,500.0,500.0,0.0,500.0,8000.0,4,ES IMPORTANTE QUE EL HORARIO DE ATENCIO SEA MAS FLEXIBLE,2015,1,22,2,1991,1500
96,95,97,1,2,1,2011,4,6,0,,5,5,0,0,13.824000000000002,0.9681000000000001,,4,0,0,5,5,3,9,,0,0,,0,,1500,1500.0,0.0,0.0,3000.0,500.0,1000.0,0.0,0.0,300.0,0.0,1200.0,0.0,0.0,3000.0,10,3,6750.0,0.0,6750.0,0.0,3500.0,1500.0,0.0,0.0,1500.0,250.0,0.0,0.0,6750.0,5,es excelente la atención recibida,2014,2,19,2,1994,1500
97,46,98,1,2,2,2011,2,6,0,,3,3,0,0,12.171,0.9812999999999998,,1,0,0,2,2,5,9,,0,0,,0,,1500,1000.0,500.0,0.0,3000.0,600.0,400.0,300.0,800.0,300.0,0.0,500.0,200.0,200.0,3300.0,5,4,7500.0,5000.0,12500.0,0.0,6000.0,1000.0,2000.0,2000.0,100.0,400.0,500.0,500.0,12500.0,5,excelente trato,2014,2,9,11,1993,1500
98,131,99,1,2,1,2008,4,8,0,,4,2,1,1,12.024000000000001,0.8378,Elevada carga horaria,4,0,0,18,0,22,3,"urb horizonte, av petare, qta merpe, el marques",0,0,,0,,1500,4000.0,500.0,0.0,6000.0,2000.0,500.0,0.0,0.0,0.0,2500.0,700.0,0.0,300.0,6000.0,3,4,15000.0,,15000.0,0.0,5000.0,500.0,2000.0,0.0,8000.0,1000.0,0.0,1000.0,17500.0,5,"muy buen trabajo, graciaas",2014,2,1,11,1990,1500
99,8,100,1,2,2,2010,2,7,0,,2,2,0,0,13.782,0.9828999999999999,Problemas económicos,2,0,0,4,3,3,1,,0,0,,0,,1500,1000.0,0.0,0.0,2500.0,1400.0,760.0,0.0,0.0,0.0,0.0,150.0,60.0,130.0,2500.0,3,2,6560.0,,6560.0,0.0,3000.0,460.0,800.0,0.0,0.0,800.0,0.0,1500.0,6560.0,5,Me parece han realizado un excelente trabajo ya que proporcionan la información precisa y con antelación. ,2014,2,27,2,1992,1500
100,118,101,1,2,1,2008,4,6,0,,6,5,1,1,12.706,0.7898999999999999,"Falta de tiempo para estudiar, Mala distribución del tiempo, Lejanía entre la residencia y la universidad",4,0,0,19,2,3,9,,0,0,,0,,1500,2000.0,700.0,0.0,4200.0,500.0,3500.0,0.0,0.0,0.0,0.0,1000.0,0.0,0.0,5000.0,3,3,12749.0,3000.0,15749.0,0.0,6500.0,6700.0,2000.0,0.0,0.0,100.0,0.0,349.0,15749.0,4,Promover e informar mejor los servicios que OBE presta. ,2014,2,21,11,1991,1500
101,151,102,1,2,1,2011,3,7,0,,4,4,0,0,13.806000000000001,0.9622999999999999,,5,0,0,0,0,5,0,,0,0,,0,,1950,600.0,0.0,500.0,3050.0,1000.0,100.0,0.0,0.0,1500.0,0.0,2000.0,1000.0,300.0,5900.0,5,5,180000.0,,180000.0,0.0,10000.0,300.0,0.0,0.0,1300.0,4000.0,350.0,4000.0,19950.0,5,"Muy buena, la renovacion online ahorra mucho tiempo y hace el proceso de renovacion mas rapido y eficaz",2014,2,22,11,1993,1500
102,21,103,1,2,2,2011,2,7,0,,2,2,0,2,13.339000000000002,0.13125,,2,0,3,2,2,3,9,Final Pasaje 11 Callle Carbonell Casa N 10 El Amparo Catia ,0,0,,0,,1500,1000.0,500.0,0.0,3000.0,1000.0,200.0,0.0,1000.0,300.0,0.0,500.0,0.0,0.0,3000.0,3,4,5000.0,,5000.0,0.0,2000.0,500.0,300.0,1000.0,1000.0,200.0,0.0,0.0,5000.0,5,"Como recomendación ofrecer becas a los estudiantes de licenciaturas muchos no tienen la posibilidad ni el tiempo de trabajar por horarios de estudios y trabajos en clínicas, mucha veces se ve forzado para otros no, lo ideal, es que se estudie cada caso según lo amerite el estudiante, en mi caso lo veo forzado salir de clases a las 12 m para ir corriendo a la clínica y salir a las 7 pm en que tiempo se descansa y se estudia o otros casos q trabajan de noche salir amanecidos para recibir clases por tal motivo no trabajo ",2014,2,10,4,1993,1500
103,22,104,1,2,2,2011,2,7,0,,2,2,0,2,13.339000000000002,0.13339000000000004,,2,0,3,2,2,3,9,Final Pasaje 11 Callle Carbonell Casa N 10 El Amparo Catia ,0,0,,0,,1500,1000.0,500.0,0.0,3000.0,1000.0,200.0,0.0,1000.0,300.0,0.0,500.0,0.0,0.0,3000.0,3,4,5000.0,,5000.0,0.0,2000.0,500.0,300.0,1000.0,1000.0,200.0,0.0,0.0,5000.0,5,"Como recomendación ofrecer becas a los estudiantes de licenciaturas muchos no tienen la posibilidad ni el tiempo de trabajar por horarios de estudios y trabajos en clínicas, mucha veces se ve forzado para otros no, lo ideal, es que se estudie cada caso según lo amerite el estudiante, en mi caso lo veo forzado salir de clases a las 12 m para ir corriendo a la clínica y salir a las 7 pm en que tiempo se descansa y se estudia o otros casos q trabajan de noche salir amanecidos para recibir clases por tal motivo no trabajo ",2014,2,10,4,1993,1500
104,153,105,1,2,1,2009,2,9,0,,4,4,0,0,14.157,0.9722,,2,1,1,2,2,5,1,,0,0,,0,,1500,1500.0,1000.0,2000.0,6000.0,1200.0,200.0,500.0,400.0,1200.0,0.0,800.0,1800.0,500.0,6600.0,5,3,10500.0,6000.0,16500.0,0.0,5000.0,800.0,2500.0,600.0,4000.0,500.0,1200.0,1200.0,15800.0,5,Yo particularmente nunca he tenido problemas con este sistema...siempre están atentos a cualquier inconveniente y siempre lo solventan lo mas rápido posible.,2014,2,27,3,1992,1500
105,164,106,1,2,1,2010,4,7,0,,5,4,0,1,13.969,0.9245000000000001,Problemas personales,4,0,0,20,1,2,9,,0,0,,0,,1500,3000.0,0.0,0.0,4500.0,1500.0,1000.0,0.0,0.0,500.0,0.0,600.0,500.0,400.0,4500.0,3,3,16000.0,4000.0,20000.0,0.0,7000.0,2000.0,3000.0,0.0,0.0,2000.0,1000.0,5000.0,20000.0,5,"Expandir la hora para renovar las becas hasta las 3/4pm porque habemos muchos que no podemos ir en el horario entre las 8.30am y la 1.30pm debido a los laboratorios prácticos de la carrera, de los cuales no podemos salir, para dirigirnos a hacer la renovación. Si se expande la hora podemos ir a las 2pm cosa de no perder clases y cumplir con este requisito de renovación. ",2015,1,6,4,1992,1500
106,132,107,1,2,1,2012,2,2,0,,4,1,1,2,12.128,0.6609999999999999,"Problemas familiares, Problemas económicos, Problemas de salud, Problemas vocacionales, Falta de tiempo para asistir a clases, Falta de tiempo para estudiar, Deficientes hábitos de estudios",3,0,0,2,2,3,1,,0,0,,0,,1500,0.0,0.0,0.0,1500.0,400.0,300.0,0.0,0.0,0.0,0.0,800.0,0.0,0.0,1500.0,3,2,10630.0,,10630.0,0.0,7000.0,600.0,0.0,0.0,0.0,1000.0,1000.0,800.0,10400.0,5,"Hasta ahora, todo excelente... Gente comprometida a prestar un servicio de calidad, se les agradece. ",2015,1,31,5,1994,1500
107,38,108,1,2,2,2012,2,6,0,,3,3,0,0,12.380999999999998,1.0,,2,1,1,5,2,4,9,,0,0,,0,,1500,1000.0,300.0,0.0,2800.0,200.0,300.0,0.0,0.0,400.0,0.0,200.0,0.0,200.0,1300.0,5,3,10500.0,,10500.0,0.0,3000.0,2000.0,2500.0,0.0,0.0,1000.0,500.0,1500.0,10500.0,5,Seguir con el buen servicio prestado.,2015,1,26,3,1994,1500
108,196,109,1,1,1,2010,2,7,0,,4,4,0,0,13.981,0.9640000000000001,,4,0,0,1,2,3,1,,0,0,,0,,1500,1000.0,1000.0,0.0,3500.0,1000.0,1000.0,0.0,0.0,0.0,0.0,1000.0,500.0,120.0,3620.0,3,2,9668.2,,9668.2,500.0,1500.0,1000.0,0.0,0.0,2000.0,0.0,900.0,800.0,6700.0,5,Seguir atendiendo con calidad humana ,2015,1,13,11,1991,1500
109,112,110,1,1,1,2011,2,7,0,,5,5,0,0,15.687999999999999,1.0,,4,0,0,1,1,3,6,,0,0,,0,,1500,5000.0,0.0,0.0,6500.0,2000.0,2500.0,0.0,0.0,500.0,0.0,1000.0,500.0,0.0,6500.0,3,2,10000.0,12000.0,22000.0,0.0,13000.0,4000.0,0.0,0.0,4000.0,1000.0,0.0,0.0,22000.0,5,Ninguna,2015,1,9,7,1993,1500
110,155,111,1,2,1,2011,2,6,0,,4,4,0,0,16.907999999999998,1.0,,5,0,0,1,2,4,1,Caracas. Municipio Libertador. Jardines del Valle,0,0,,0,,1500,3500.0,0.0,0.0,5000.0,2000.0,500.0,0.0,0.0,500.0,0.0,1500.0,500.0,0.0,5000.0,3,2,12000.0,,12000.0,0.0,6000.0,1000.0,1500.0,0.0,1500.0,1500.0,500.0,0.0,12000.0,5,Muchas gracias por su labor. Continúen así.,2015,1,1,1,1994,1500
111,159,112,1,2,1,2010,4,7,0,,4,4,0,0,13.6,1.0,,4,0,0,1,1,3,9,"Guarenas, Edo. Miranda Urb. Oropeza Castillo, zona 1, vereda 14, casa1",0,1,"2015, ucv, falta de ingresos, ayuda economica",0,,1500,4000.0,1000.0,500.0,7000.0,2000.0,1000.0,500.0,500.0,1000.0,0.0,1000.0,1000.0,0.0,7000.0,5,3,15000.0,2000.0,17000.0,0.0,4000.0,2000.0,1000.0,0.0,2000.0,400.0,0.0,1000.0,10400.0,5,ha sido una excelente atención!! ,2014,1,1,2,1993,1500
112,74,113,1,1,1,2012,2,5,0,,4,4,0,0,13.520999999999997,0.9452000000000002,,7,0,0,6,4,3,0,,0,0,,0,,1500,1800.0,0.0,2000.0,5300.0,1600.0,1400.0,200.0,0.0,250.0,0.0,1300.0,0.0,300.0,5050.0,3,2,6000.0,3000.0,9000.0,0.0,4000.0,200.0,3000.0,0.0,0.0,600.0,0.0,300.0,8100.0,5,"excelente servicio, se recomienda que sea mas automatico ",2014,2,5,12,1992,1500
113,187,114,1,1,1,2008,4,10,0,,2,2,0,0,14.385,1.0,,2,1,1,6,4,4,1,,0,0,,0,,1500,1000.0,0.0,0.0,2500.0,200.0,200.0,100.0,500.0,0.0,0.0,1000.0,0.0,500.0,2500.0,3,2,7209.52,,7209.52,0.0,5000.0,100.0,109.52,0.0,1000.0,0.0,0.0,1000.0,7209.52,4,"mejorar la comunicacion con los becarios, ya que me entere el ultimo dia que habia renovacion de la beca",2014,2,27,12,1990,1500
114,84,115,1,2,1,2010,4,5,0,,4,4,0,0,15.666,1.0,,7,0,0,2,2,3,1,,0,0,,0,,1500,500.0,500.0,0.0,2500.0,500.0,0.0,0.0,0.0,500.0,0.0,1000.0,500.0,0.0,2500.0,4,4,5622.48,2000.0,7622.48,0.0,4000.0,500.0,1000.0,0.0,0.0,600.0,500.0,1000.0,7600.0,4,Que sigan así!,2015,1,17,6,1993,1500
115,193,116,1,2,1,2008,4,10,0,,2,2,0,2,13.919999999999998,1.0,,2,1,1,5,2,8,5,Plaza Venezuela,0,0,,0,,1500,500.0,500.0,0.0,2500.0,1000.0,50.0,0.0,0.0,400.0,150.0,200.0,0.0,50.0,1850.0,5,3,8000.0,2000.0,10000.0,0.0,9000.0,500.0,0.0,0.0,0.0,500.0,200.0,500.0,10700.0,3,"FLEXIBILIZAR LOS HORARIOS DE ATENCION PARA LOS QUE ESTAMOS DE PASANTIAS

MANTENERNOS INFORMADOS",2014,2,13,12,2015,1500
116,87,117,1,2,1,2009,4,5,0,,4,4,0,0,13.5,1.0,,5,0,0,11,2,19,5,caracas san agustin del norte esquina arismendi,0,0,,0,,1500,1500.0,0.0,0.0,3000.0,700.0,200.0,100.0,0.0,200.0,1500.0,300.0,0.0,0.0,3000.0,5,3,5660.0,,5660.0,0.0,3860.0,300.0,0.0,0.0,0.0,0.0,0.0,0.0,5660.0,4,ninguna,2015,1,30,6,1993,1500
117,110,118,1,2,1,2010,4,8,0,,5,5,0,0,13.620999999999999,1.0,,4,0,0,8,6,2,1,,0,0,,0,,1500,500.0,500.0,0.0,2500.0,1500.0,300.0,1000.0,0.0,600.0,0.0,3000.0,600.0,600.0,7600.0,11,3,3000.0,2000.0,5000.0,0.0,3000.0,0.0,3000.0,0.0,0.0,1000.0,3000.0,1000.0,11000.0,4,"deben ser preguntas mas claras y no pedir tantos monto, ya que con la situación del país se hace difícil discernir cuanto se gasta.  ",2014,2,24,6,1991,1500
118,62,119,1,2,2,2012,2,2,0,,2,2,0,2,10.333,0.5333,,4,0,0,2,2,3,1,"AV. LEONARDO RUIZ PINEDA RES. HORNOS DE CAL TORRE C PISO 5 ,APTO. 58C, SAN AGUSTIN DEL SUR.",0,0,,0,,1500,3000.0,0.0,0.0,4500.0,1500.0,680.0,2000.0,2000.0,1500.0,0.0,2000.0,0.0,750.0,10430.0,3,4,6000.0,2000.0,8000.0,300.0,4000.0,880.0,3500.0,4000.0,2500.0,700.0,300.0,1000.0,17180.0,5,No tengo ninguna sugerencia y recomendación ,2015,1,12,7,1994,1500
119,122,120,1,2,1,2011,2,5,0,,3,3,0,0,14.422999999999998,1.0,,6,0,0,2,2,3,3,Av. Almamater. Edificio Romeo. Piso 6. Apartamento 136,0,1,"Año: 2013. Institucion: OBE. Motivo: ayuda económica para rehabilitación (fisioterapia), ya que me atropello una moto.",0,,1500,1500.0,0.0,0.0,3000.0,1200.0,180.0,0.0,0.0,1000.0,0.0,400.0,0.0,200.0,2980.0,5,2,7265.0,5000.0,12265.0,3500.0,5000.0,300.0,1500.0,0.0,0.0,300.0,0.0,200.0,10800.0,5,"Sigan prestando su servicio como lo han hecho hasta ahora, ya que su trabajo ayuda a muchos estudiantes que lo necesitamos.",2014,2,18,8,1994,1500
120,14,121,1,2,2,2011,2,6,0,,3,3,0,0,11.8,0.9722,,2,1,3,3,2,4,1,,0,0,,0,,1500,3000.0,1000.0,0.0,5500.0,3000.0,1200.0,0.0,0.0,2500.0,0.0,2800.0,1500.0,2000.0,13000.0,5,3,8656.0,3500.0,12156.0,0.0,5000.0,3000.0,0.0,0.0,800.0,300.0,150.0,2500.0,11750.0,3,dar mas días para entregar los recaudos de renovacion.,2014,2,26,6,1994,1500
121,35,122,1,2,2,2010,2,7,0,,2,2,0,0,13.565000000000001,0.9828999999999999,Mala distribución del tiempo,2,0,0,2,2,3,1,,0,0,,0,,1500,1000.0,0.0,0.0,2500.0,550.0,200.0,0.0,0.0,0.0,0.0,1300.0,0.0,250.0,2300.0,3,2,8500.0,,8500.0,0.0,2500.0,500.0,300.0,0.0,0.0,1000.0,1300.0,1500.0,7100.0,5,excelente el servicio. ,2015,1,23,7,1993,1500
122,75,123,1,2,1,2010,4,6,0,,5,5,0,0,15.7,1.0,,4,0,0,1,1,5,9,,0,0,,0,,1500,800.0,0.0,200.0,2500.0,2000.0,1500.0,1800.0,1000.0,1500.0,0.0,3000.0,1000.0,500.0,12300.0,3,3,9570.0,4000.0,13570.0,0.0,5000.0,2000.0,1800.0,1000.0,2000.0,500.0,2500.0,800.0,15600.0,4,Que la trabajadora social envie correos con la actualización de la beca,2014,2,31,5,1993,1500
123,148,124,1,2,1,2013,2,4,0,,5,2,1,2,11.7,0.5127999999999999,"Problemas personales, Deficientes hábitos de estudios, Deficiente formación del bachillerato, Mala distribución del tiempo",5,0,0,21,2,24,3,Calle la providencia Edf Mary Piso 2 Apto 4. El cementerio,0,0,,0,,1500,2500.0,1500.0,0.0,5500.0,1500.0,200.0,0.0,0.0,300.0,1500.0,1500.0,200.0,200.0,5500.0,5,3,6747.0,2000.0,8747.0,0.0,2300.0,0.0,2500.0,0.0,0.0,100.0,0.0,2000.0,6900.0,5,"Algunas personas no poseen Internet, por ello en la cartelera de las Escuelas deberían colocar mas información de las actividades o alguna jornada que este realizando OBE",2014,2,14,12,1992,1500
124,117,125,1,2,1,2011,4,6,0,,6,6,0,0,16.337,1.0,,4,0,0,2,2,3,1,,0,0,,0,,1500,1500.0,0.0,0.0,3000.0,900.0,300.0,0.0,0.0,500.0,0.0,1300.0,0.0,0.0,3000.0,3,2,6137.0,,6137.0,0.0,3000.0,1000.0,0.0,0.0,1100.0,1000.0,0.0,0.0,6100.0,5,me parece muy buena su atención prestada ,2014,2,15,8,1994,1500
125,167,126,1,2,1,2012,4,5,0,,5,5,0,0,15.42,0.9452,,7,0,0,6,4,33,1,"los Teques, municipio Guaicaipuro, urbanización El Paso bloque 2 edificio 2 piso 3 apartamento 04",0,0,,0,,1500,300.0,0.0,0.0,1800.0,0.0,300.0,0.0,0.0,1000.0,0.0,300.0,0.0,200.0,1800.0,3,4,5418.0,,5418.0,0.0,3500.0,300.0,0.0,0.0,0.0,1000.0,200.0,150.0,5150.0,4,"ojala pudieran tener presupuesto para que todos sus servicios funcionaran sin problemas, por ejemplo odontologia",2014,2,27,8,1992,1500
126,82,127,1,2,1,2011,2,6,0,,5,5,0,0,13.693000000000001,0.898,,4,0,0,6,4,3,1,,0,0,,0,,1500,1500.0,0.0,0.0,3000.0,1000.0,500.0,0.0,0.0,0.0,0.0,800.0,300.0,0.0,2600.0,3,2,10000.0,,10000.0,0.0,3000.0,500.0,0.0,0.0,0.0,1000.0,2500.0,0.0,7000.0,3,muy larga,2015,1,15,2,1993,1500
127,179,128,1,2,1,2011,4,2,0,,5,3,2,0,13.5,0.8182,,5,0,0,2,2,3,1,,0,1,"Año:2014 
Institucion: OBE
Motivo: Compra de materiales de estudio. ",0,,1500,2000.0,0.0,0.0,3500.0,1000.0,500.0,0.0,700.0,500.0,0.0,1500.0,0.0,0.0,4200.0,3,4,8000.0,,8000.0,0.0,3000.0,500.0,2000.0,0.0,2000.0,500.0,0.0,500.0,8500.0,4,..,2015,1,30,10,1993,1500
128,93,129,1,2,1,2011,4,7,0,,4,4,0,0,14.424000000000001,1.0,,6,0,0,0,0,5,9,,0,0,,0,,1500,400.0,0.0,0.0,1900.0,0.0,250.0,0.0,0.0,600.0,0.0,500.0,200.0,0.0,1550.0,3,4,7600.0,5600.0,13200.0,0.0,10000.0,500.0,0.0,0.0,0.0,200.0,0.0,1100.0,11800.0,5,Estoy de acuerdo con la atención prestada,2014,2,8,4,1994,1500
129,96,130,1,2,1,2011,2,5,0,,5,5,5,0,13.065000000000001,1.0,,5,0,0,1,1,3,1,,0,0,,0,,1500,1000.0,0.0,0.0,2500.0,0.0,500.0,0.0,0.0,1000.0,0.0,700.0,0.0,300.0,2500.0,3,3,8000.0,3000.0,11000.0,180.0,7000.0,500.0,1500.0,0.0,0.0,310.0,400.0,1110.0,11000.0,4,Enviar un mensaje un día para recordar si se tiene un cita con el trabajador social,2014,2,23,3,1993,1500
130,12,131,1,2,2,2010,2,6,0,,3,3,0,0,12.238,0.8400000000000001,,2,1,0,2,2,3,9,,0,0,,1,"Recreación, algunos fines de semana (poco frecuente por falta de tiempo).",1500,9000.0,0.0,1500.0,12000.0,0.0,500.0,0.0,950.0,1000.0,0.0,700.0,0.0,0.0,3150.0,3,4,9000.0,,9000.0,0.0,5000.0,2000.0,0.0,0.0,0.0,0.0,0.0,0.0,7000.0,5,Las veces que me he dirigido hasta allá he recibido una atención de calidad.,2014,2,26,5,1993,1500
131,54,132,1,2,2,2012,2,5,0,,4,4,0,0,12.0,0.9535,,3,0,0,2,2,7,6,,0,0,,0,,1500,300.0,0.0,0.0,1800.0,3000.0,300.0,0.0,0.0,300.0,0.0,500.0,0.0,300.0,4400.0,5,1,2457.02,0.0,2457.02,0.0,5000.0,300.0,0.0,0.0,0.0,500.0,0.0,500.0,6300.0,5,me gustaria que la difusion de la de avisos tales como la renovacion de becas u alguna otra informacion  sea con mayor tiempo de antelacion para que el estudiante tome las medidas necesarias,2014,2,22,1,1994,1500
132,85,133,1,2,1,2012,2,4,0,,5,5,0,0,15.69,1.0,,5,0,0,11,2,3,9,,0,0,,0,,1500,500.0,200.0,0.0,2200.0,2000.0,600.0,0.0,0.0,300.0,0.0,400.0,0.0,200.0,3500.0,3,4,6000.0,,6000.0,0.0,4500.0,700.0,500.0,0.0,0.0,200.0,0.0,1500.0,7400.0,5,"Me parece que el servicio es muy bueno no tengo ninguna recomendación, me parece que la trabajadora actual es excelente. ",2015,1,12,9,1994,1500
133,133,134,1,2,1,2012,4,5,0,,5,4,0,1,12.5,0.8696000000000002,Problemas personales,6,0,0,11,2,5,9,,0,0,,0,,1500,1400.0,0.0,0.0,2900.0,1500.0,200.0,0.0,0.0,500.0,0.0,700.0,0.0,0.0,2900.0,5,6,16043.76,,16043.76,0.0,9000.0,2700.0,0.0,0.0,3000.0,1000.0,0.0,343.76,16043.76,4,Mayor seguridad para la oficina de OBE ,2014,2,6,12,1994,1500
134,185,135,1,2,1,2011,3,5,1,olvido de clave,5,4,0,1,13.157,0.8,"Problemas familiares, Problemas económicos, Falta de tiempo para estudiar, Elevada carga horaria, Mala distribución del tiempo, Lejanía entre la residencia y la universidad",5,0,0,22,5,4,1,los valles del tuy. Edif virgen del valle. sabana de la cruz. apartamento 3,0,0,,0,,1500,0.0,0.0,1500.0,3000.0,500.0,500.0,600.0,400.0,200.0,300.0,200.0,100.0,100.0,2900.0,0,1,2000.0,0.0,3000.0,0.0,500.0,500.0,600.0,400.0,200.0,100.0,200.0,100.0,2600.0,5,no tengo sugerencias,2015,1,18,2,1993,1500
135,146,136,1,2,1,2012,4,5,1,Por venta de la casa.,5,5,0,0,14.319999999999999,0.9176,,6,0,0,23,2,26,3,"Municipio Libertador, Parroquia San Pedro. Urb. Valle Abajo, Residencias Valle Abajo, Torre F Piso 4, Apto 4-1.",0,0,,0,,1500,4000.0,1500.0,0.0,7000.0,1000.0,100.0,0.0,0.0,300.0,5000.0,600.0,0.0,0.0,7000.0,5,5,6500.0,3000.0,9500.0,2500.0,2000.0,200.0,450.0,0.0,150.0,350.0,0.0,300.0,5950.0,4,mejorar un poco los horarios de atención.,2014,2,1,12,1993,1500
136,33,137,1,2,2,2013,2,4,0,,4,5,0,5,14.0,1.0,,4,0,0,9,7,5,6,,0,0,,0,,1500,300.0,100.0,200.0,2100.0,1000.0,200.0,300.0,0.0,0.0,0.0,500.0,0.0,100.0,2100.0,3,2,6000.0,,6000.0,0.0,3000.0,600.0,0.0,0.0,2000.0,0.0,0.0,0.0,5600.0,4,"aumentar la beca. De resto, es un buen servicio.",2015,1,12,6,1991,1500
137,188,138,1,2,1,2009,4,6,0,,5,4,0,1,11.685999999999998,0.7154999999999999,Problemas de adaptación de la UCV,5,0,0,19,7,5,1,"Av. Principal San Souci con Av. Francisco Solano, Municipio Cacao, Edf. Mijao, PB, Apart. #3.",0,0,,1,"Secretaria, sólo los sábados medio turno.",1500,3600.0,2800.0,2000.0,9900.0,3000.0,500.0,1500.0,600.0,1500.0,0.0,2000.0,500.0,120.0,9720.0,3,1,6747.0,10000.0,16747.0,3000.0,8000.0,500.0,3000.0,600.0,0.0,600.0,1000.0,0.0,16700.0,4,Sugiero que el monto de la beca llegue completo al momento de que el Presidente aumente el monto de la beca.,2015,1,1,3,1993,1500
138,106,139,1,2,1,2012,4,5,0,,4,4,1,0,11.857000000000001,0.7887000000000001,,6,0,0,1,1,5,9,,0,0,,0,,1500,600.0,0.0,0.0,2100.0,0.0,400.0,0.0,800.0,0.0,0.0,800.0,0.0,200.0,2200.0,3,3,6852.08,,6852.08,0.0,4000.0,800.0,0.0,1400.0,0.0,250.0,0.0,600.0,7050.0,4,Resguardar información importante en lugares seguros..,2014,2,11,4,1994,1500
139,28,140,1,2,2,2010,4,6,0,,3,3,0,0,14.370999999999999,1.0,,1,1,1,5,5,5,9,,0,0,,0,,1500,500.0,500.0,0.0,2500.0,500.0,150.0,500.0,500.0,500.0,0.0,500.0,0.0,0.0,2650.0,3,5,7500.0,,7500.0,0.0,5000.0,1000.0,1000.0,0.0,0.0,0.0,0.0,500.0,7500.0,5,Buena atención y puntualidad en los pagos... Gracias,2014,2,7,9,1993,1500
140,7,141,1,2,2,2012,4,4,0,,5,5,0,0,14.086200000000002,1.0,,4,0,0,2,2,3,9,,0,0,,0,,1500,2000.0,0.0,0.0,3500.0,500.0,500.0,0.0,0.0,1000.0,0.0,600.0,1000.0,300.0,3900.0,3,6,7721.56,3000.0,10721.560000000001,0.0,6000.0,1500.0,0.0,0.0,0.0,1000.0,0.0,1500.0,10000.0,4,Realizar jornadas de las q ofrece OBE en la Escuela de Enfermería,2014,1,4,2,1995,1500
141,200,142,1,2,1,2010,2,4,0,,5,3,1,1,12.78,0.4842000000000001,Lejanía entre la residencia y la universidad,3,0,0,19,4,3,9,,0,0,,0,,1500,2000.0,0.0,0.0,3500.0,0.0,2000.0,0.0,0.0,0.0,0.0,1500.0,0.0,0.0,3500.0,3,2,7000.0,0.0,7000.0,0.0,3000.0,4000.0,0.0,0.0,0.0,0.0,0.0,0.0,7000.0,5,lo estan haciendo muy bien. felicidades,2014,2,28,2,1992,1500
142,10,143,1,1,2,2010,4,7,0,,2,2,0,0,14.539000000000001,0.9663999999999999,,2,0,0,6,4,7,9,,0,0,,0,,1500,4000.0,500.0,2400.0,8400.0,2800.0,500.0,500.0,0.0,1000.0,0.0,2000.0,1000.0,500.0,8300.0,5,8,55635.46,2000.0,57635.46,5324.98,15500.0,2000.0,8780.0,2000.0,3000.0,5650.0,2250.45,9950.0,54455.43,5,"Realmente, el proceso es muy satisfactorio y mucho mas al agregar la deficiencia presupuestaria del pais. La calidad de servicio es de las mas alta y profesional. ",2014,2,18,2,1993,1500
143,58,144,1,2,2,2014,2,3,0,,5,5,0,0,14.909,1.0,,5,0,0,6,4,5,9,,0,0,,0,,1500,1000.0,0.0,0.0,2500.0,600.0,400.0,0.0,0.0,300.0,0.0,700.0,0.0,500.0,2500.0,5,4,25000.0,8000.0,33000.0,1000.0,10000.0,1000.0,2500.0,800.0,3000.0,800.0,0.0,4900.0,24000.0,4,Colocar una ofinica de obe en la escuela de enfermeria ,2014,2,25,5,1995,1500
144,36,145,1,2,2,2011,4,6,0,,3,3,0,0,14.841,1.0,,2,0,0,11,2,3,9,,0,0,,0,,1500,1000.0,0.0,0.0,2500.0,800.0,250.0,150.0,0.0,300.0,0.0,800.0,0.0,200.0,2500.0,3,3,425140.0,,425140.0,0.0,1500.0,500.0,700.0,0.0,1000.0,300.0,0.0,250.0,4250.0,5,"ninguna por el momento, ya que que no tengo queja sobre la calidad de los servicios ofrecidos.",2014,2,17,6,1993,1500
145,80,146,1,2,1,2011,2,6,0,,5,5,0,0,15.49,1.0,,4,0,0,2,2,5,1,EL PARAISO ,0,0,,0,,1500,4000.0,200.0,0.0,5700.0,900.0,500.0,500.0,500.0,1000.0,0.0,2000.0,500.0,200.0,6100.0,6,2,8773759.0,2000.0,10773759.0,0.0,5000.0,1000.0,0.0,500.0,2000.0,500.0,500.0,1000.0,10500.0,5,EXCELENTE ,2015,1,12,4,1993,1500
146,19,147,1,2,2,2010,4,7,0,,2,2,0,0,12.63,0.92,,2,0,0,17,2,4,9,,0,0,,0,,1500,2000.0,0.0,0.0,3500.0,1500.0,1000.0,0.0,0.0,500.0,0.0,700.0,500.0,300.0,4500.0,10,3,9680.0,,9680.0,0.0,4000.0,2000.0,3000.0,0.0,0.0,1000.0,0.0,2500.0,12500.0,5,Que se continúe realizando la recepción de documentos en nuestra escuela ya que resulta mas fácil por horario que podamos realizar el tramite de la renovación. También que la trabajadora social tenga un espacio en la Escuela de Enfermería destinado a la atención de becarios y de mas información referente a OBE.,2014,2,29,10,1992,1500
147,135,148,1,2,1,2011,2,7,0,,4,4,0,0,14.8,1.0,,4,0,0,5,5,3,9,,0,0,,0,,1500,2000.0,0.0,0.0,3500.0,1000.0,500.0,0.0,0.0,500.0,0.0,1500.0,0.0,0.0,3500.0,3,2,15060.0,,15060.0,0.0,8000.0,800.0,1500.0,0.0,0.0,1000.0,0.0,3000.0,14300.0,4,Continuar ofreciendo la ayuda y orientacion a los estudiantes.,2014,2,19,7,1993,1500
148,47,149,1,2,2,2010,2,7,0,,2,2,0,0,12.129999999999999,0.8156000000000001,,2,0,0,0,0,3,9,,0,0,,0,,1500,1000.0,0.0,0.0,2500.0,1000.0,1000.0,800.0,1000.0,800.0,0.0,1000.0,0.0,160.0,5760.0,3,4,6200.0,1500.0,7700.0,0.0,36000.0,1000.0,800.0,1000.0,0.0,200.0,0.0,300.0,39300.0,5,no tengo nada que acotar debido a que desde que obtuve este beneficio la atención a sido eficiente,2015,1,4,9,1992,1500
149,26,150,1,2,2,2014,4,3,0,,5,5,0,0,15.555000000000001,1.0,,5,0,0,0,0,3,9,,0,0,,0,,1500,1000.0,0.0,0.0,2500.0,300.0,400.0,0.0,0.0,800.0,0.0,800.0,0.0,200.0,2500.0,3,4,8000.0,0.0,8000.0,0.0,3000.0,500.0,1000.0,0.0,2500.0,500.0,0.0,500.0,8000.0,5,"El servicios es bueno, lo único que tiene que mejor es que a todos le lleguen la información de las renovaciones al correo. ",2014,2,21,3,1993,1500
150,176,151,1,1,1,2011,4,5,0,,4,4,0,0,15.18,1.0,,7,0,0,24,2,8,1, Plaza La concordia. Parroquia Santa Teresa. Centro,0,0,,0,,1500,3500.0,0.0,0.0,5000.0,1500.0,250.0,0.0,0.0,0.0,3000.0,250.0,0.0,0.0,5000.0,3,2,15000.0,,15000.0,0.0,8000.0,1000.0,2000.0,0.0,2000.0,1000.0,0.0,1000.0,15000.0,4,ser un poco mas amables con las personas.,2014,2,7,12,1993,1500
151,18,152,1,2,2,2011,2,7,0,,1,1,0,0,15.617,1.0,,2,0,0,2,2,3,9,,0,0,,0,,1500,500.0,0.0,0.0,2000.0,400.0,150.0,0.0,0.0,600.0,0.0,300.0,400.0,150.0,2000.0,3,2,9600.0,,9600.0,0.0,5000.0,500.0,1000.0,0.0,1800.0,100.0,0.0,1200.0,9600.0,1,Muy buena atención por parte de nuestra trabajadora social. sin inconvenientes,2014,2,21,3,1993,1500
152,107,153,1,2,1,2011,4,7,0,,5,5,0,0,16.461,1.0,,5,0,0,25,2,2,1,,0,0,,0,,1500,2000.0,500.0,0.0,4000.0,1000.0,300.0,0.0,0.0,500.0,0.0,1200.0,600.0,200.0,3800.0,5,5,10500.0,2000.0,12500.0,0.0,7000.0,600.0,1500.0,0.0,0.0,800.0,0.0,800.0,10700.0,5, muy buena la atencion agradecida con la ayuda que mensualmente me brindan ,2014,2,4,2,1994,1500
153,89,154,1,1,1,2011,2,5,0,,4,4,0,0,15.100999999999999,1.0,,7,0,0,1,1,3,0,,0,0,,0,,1500,1300.0,0.0,0.0,2800.0,600.0,1000.0,0.0,0.0,200.0,0.0,1000.0,0.0,0.0,2800.0,3,5,22600.0,,22600.0,153.0,8000.0,2000.0,3500.0,1000.0,975.0,500.0,100.0,500.0,16728.0,4,Mandar correos con información acerca de los distintos servicios y beneficios ofrecidos por la universidad. Y sobre los cambios en la beca.,2015,1,20,2,1994,1500
154,30,155,1,2,2,2012,2,5,0,,4,4,0,0,15.463,1.0,,3,0,0,2,2,3,1,,0,0,,0,,1500,500.0,0.0,0.0,2000.0,500.0,150.0,0.0,0.0,150.0,0.0,1200.0,0.0,0.0,2000.0,3,3,19400.0,,19400.0,3000.0,4400.0,500.0,0.0,0.0,10000.0,1000.0,0.0,500.0,19400.0,5,"No tengo ninguna sugerencia ni recomendacion, es un buen servicio para la situacion economica que se vive en el pais, estoy agradecida con mi beca y con el servicio que me presta la universidad",2015,1,23,6,1994,1500
155,51,156,1,2,2,2012,4,5,0,,4,4,0,0,14.634,1.0,,3,0,0,2,2,3,9,,0,0,,0,,1500,1000.0,0.0,0.0,2500.0,400.0,500.0,0.0,0.0,0.0,0.0,1600.0,0.0,0.0,10864.0,3,3,5247.0,5622.0,10869.0,0.0,7400.0,1000.0,1000.0,0.0,469.0,300.0,0.0,700.0,10869.0,5,deberían colocar una oficina de OBE en la escuela de enfermería :),2015,1,7,4,1994,1500
156,15,157,1,2,2,2010,2,7,0,,2,2,0,0,12.0,0.98,,2,0,0,0,0,2,1,,0,0,,0,,1500,1000.0,0.0,0.0,2500.0,0.0,400.0,0.0,0.0,800.0,0.0,800.0,500.0,0.0,2500.0,4,4,5300.0,,5300.0,800.0,3000.0,400.0,0.0,0.0,0.0,600.0,500.0,0.0,5300.0,4,Dar mayor informacion cuando no se cancela el pago de la beca a tiempo y el por que...y los retroactivos!,2014,2,9,5,1993,1500
157,91,158,1,2,1,2012,4,6,0,,5,5,0,0,16.582,1.0,,4,0,0,6,4,3,1,,0,0,,0,,1500,500.0,0.0,300.0,2300.0,450.0,200.0,200.0,0.0,500.0,0.0,600.0,300.0,50.0,2300.0,3,1,8000.0,1000.0,9000.0,0.0,3500.0,1000.0,1200.0,1000.0,0.0,200.0,700.0,400.0,8000.0,5,"La atención recibida fue bastante buena, como recomendación que sigan trabajando por tener un sistema cada vez mas beneficioso. ",2014,2,14,12,1993,1500
158,52,159,1,2,2,2012,2,5,0,,4,4,0,0,15.73,1.0,,3,0,0,2,2,5,9,,0,0,,0,,1500,1200.0,0.0,0.0,2700.0,1500.0,250.0,100.0,0.0,400.0,0.0,350.0,100.0,0.0,2700.0,3,2,5175.0,4000.0,9175.0,0.0,3800.0,1400.0,1000.0,0.0,600.0,700.0,0.0,400.0,7900.0,4,"La labor realizada por la trabajadora social de la escuela de Enfermería es muy eficiente y responsable. sin embargo, se sugiere establecer una fecha fija para el depósito de la beca e incluir los pagos atrasados",2014,2,17,11,1993,1500
159,142,160,1,2,1,2011,4,5,0,,5,5,0,0,16.533,1.0,,6,0,0,1,1,4,1,,0,0,,0,,1500,2000.0,0.0,0.0,3500.0,850.0,1400.0,400.0,0.0,0.0,0.0,600.0,0.0,250.0,3500.0,3,3,10000.0,,10000.0,680.0,3000.0,3200.0,1400.0,720.0,0.0,300.0,400.0,300.0,10000.0,5,todo está bastante bien...!,2015,1,24,5,1994,1500
160,108,161,1,2,1,2013,4,4,0,,5,5,0,0,15.672999999999998,1.0,,5,0,0,0,0,29,1,Palo verde. Calle Jose Feliz Ribas. Residencias Jose Gregorio Hernandez. Torre A. Piso 3. Apartamento 34,0,0,,0,,1500,1000.0,1000.0,0.0,3500.0,2000.0,500.0,0.0,0.0,300.0,0.0,300.0,0.0,0.0,3100.0,3,2,9443.0,4400.0,13843.0,0.0,4000.0,1000.0,5000.0,0.0,0.0,0.0,600.0,0.0,10600.0,4,Espero que los problemas en cuanto al aumento de la beca se solventen pronto. En lo demás no tengo quejas. ,2014,2,18,9,1995,1500
161,56,162,1,2,2,2012,4,5,0,,4,4,0,0,14.375,1.0,,3,0,0,2,2,5,1,,0,0,,0,,1500,400.0,0.0,0.0,1900.0,0.0,800.0,0.0,0.0,400.0,0.0,600.0,0.0,0.0,1800.0,5,4,13143.0,,13143.0,0.0,5000.0,1600.0,0.0,0.0,0.0,1000.0,1800.0,3743.0,13143.0,4,"Deberían estar mas tiempo en cada escuela, específicamente las sedes que quedan retiradas de la oficina principal de la OBE. ",2014,2,8,11,1995,1500
162,165,163,1,2,1,2011,4,6,0,,5,4,0,1,13.081999999999999,0.876,"Problemas familiares, Mala distribución del tiempo",5,0,0,12,0,2,1,,0,0,,0,,1500,0.0,2000.0,400.0,3900.0,800.0,72.0,0.0,700.0,500.0,0.0,1000.0,300.0,200.0,3572.0,4,3,5622.0,2000.0,7622.0,121.0,7000.0,100.0,300.0,0.0,0.0,547.0,0.0,0.0,8068.0,5,"Considero que la atención es acorde, con un trato grato y  satisfactorio.  ",2015,1,9,2,1994,1500
163,88,164,1,2,1,2013,4,4,0,,5,5,0,0,13.210999999999999,1.0,,6,0,0,13,0,30,3,Av Sanz calle convento II El Marques Edo. Miranda,0,0,,0,,1500,7000.0,0.0,0.0,8500.0,1000.0,150.0,0.0,0.0,0.0,5000.0,500.0,350.0,0.0,7000.0,3,4,7381.0,,7381.0,0.0,3000.0,0.0,0.0,0.0,0.0,0.0,0.0,4000.0,7000.0,5,Tal vez extender un poco el horario de atencion.,2015,1,1,11,1995,1500
164,32,165,1,2,2,2014,4,3,0,,5,5,0,0,13.805000000000001,1.0,,5,1,2,2,2,5,1,,0,0,,0,,1500,1000.0,500.0,0.0,3000.0,0.0,500.0,0.0,0.0,0.0,0.0,2000.0,0.0,500.0,3000.0,6,3,8400.0,5000.0,13400.0,2000.0,4000.0,1000.0,4000.0,0.0,1300.0,700.0,800.0,0.0,13800.0,5,"Realmente la atención prestada es bastante satisfactoria, el personal es sumamente amable y cordial.

La única sugerencia seria ver si se podría hacer un comunicado para aumentar un poco más la beca estudio ya que hoy en día todo se ha encarecido bastante.

Muchas Gracias por la ayuda prestada.",2015,1,27,10,1995,1500
165,94,166,1,2,1,2012,2,4,0,,6,6,0,0,15.272,1.0,,6,0,0,4,3,3,0,,0,0,,0,,1500,1000.0,0.0,0.0,2500.0,0.0,400.0,0.0,800.0,1000.0,0.0,300.0,300.0,200.0,3000.0,3,2,9828.0,,9828.0,0.0,6000.0,1000.0,0.0,1000.0,0.0,1200.0,0.0,900.0,10100.0,5,Estoy a gusto con su atención. ,2014,1,25,9,1994,1500
166,37,167,1,2,2,2011,2,7,0,,2,2,0,0,12.807999999999998,1.0,,2,0,0,2,2,5,1,,0,0,,0,,1500,0.0,0.0,0.0,1500.0,800.0,300.0,150.0,0.0,800.0,0.0,600.0,0.0,200.0,2850.0,6,1,11200.0,0.0,11200.0,200.0,6000.0,500.0,4000.0,1500.0,0.0,1000.0,400.0,600.0,14200.0,5,"Sigan así, claro y entendible.",2014,2,1,6,1994,1500
167,73,168,1,2,1,2012,4,4,0,,5,5,0,0,15.922999999999998,1.0,,5,0,0,1,1,5,1,,0,0,,0,,1500,4000.0,0.0,0.0,5500.0,0.0,2200.0,900.0,0.0,800.0,0.0,1600.0,0.0,0.0,5500.0,5,3,5622.0,5100.0,10722.0,0.0,4500.0,500.0,4000.0,0.0,1030.0,292.0,400.0,0.0,10722.0,5,Muy buen trabajo. Continuar con la buen desempeño en el Servicio ofrecido a toda la comunidad estudiantil.,2015,1,20,5,1994,1500
168,42,169,1,2,2,2013,2,2,0,,3,1,1,1,10.904,0.8077000000000002,"Problemas personales, Problemas familiares, Falta de tiempo para estudiar",3,1,1,2,2,3,9,,0,0,,0,,1500,1500.0,0.0,0.0,3000.0,300.0,300.0,1000.0,0.0,0.0,0.0,1000.0,0.0,170.0,2770.0,3,3,13700.0,,13700.0,0.0,7000.0,1000.0,2000.0,0.0,1500.0,1000.0,0.0,200.0,12700.0,5,"La presente organización presta un buen servicio, la cual agradezco. En este momento no tengo alguna sugerencia o recomendación que pueda aportar, en el momento de tener alguna se los haré saber, muchas gracias por su atención.",2014,2,14,12,1994,1500
169,57,170,1,2,2,2011,2,5,0,,3,2,0,1,13.489,0.9142999999999999,"Problemas personales, Problemas con el/la docente",1,0,0,2,2,5,1,,0,0,,0,,1500,2000.0,0.0,0.0,3500.0,1400.0,600.0,0.0,0.0,0.0,0.0,900.0,300.0,300.0,3500.0,3,3,10000.0,4000.0,14000.0,0.0,9000.0,2000.0,0.0,0.0,0.0,2000.0,1000.0,0.0,14000.0,4,Alargar el plazo de entrega de recaudos para la renovación de la beca a 1 semana. Avisar con más tiempo de anticipación la fecha de la renovación de la beca para así recaudar los documentos necesarios con tiempo.,2014,2,9,1,1994,1500
170,41,171,1,2,2,2011,2,7,0,,2,2,0,0,13.46,1.0,,2,0,0,2,2,31,1,,0,0,,0,,1500,1000.0,0.0,0.0,2500.0,1000.0,600.0,200.0,400.0,300.0,0.0,100.0,100.0,100.0,2800.0,3,4,13312.0,,13312.0,0.0,8500.0,1200.0,1000.0,1000.0,0.0,600.0,400.0,2000.0,14700.0,5,"Hasta ahora me ha gustado la facilidad del proceso, espero se mantenga así.",2014,2,3,8,1994,1500
171,43,172,1,2,2,2011,2,3,0,,3,3,0,0,11.763,0.8261,,5,1,2,2,2,2,9,,0,0,,0,,1500,500.0,500.0,800.0,3300.0,1000.0,544.0,900.0,0.0,500.0,0.0,2000.0,900.0,2160.0,8004.0,4,5,14810.0,9000.0,23810.0,0.0,10600.0,1124.0,6700.0,0.0,200.0,1690.0,0.0,1431.0,21745.0,5,es muy buena su atención. han pagado los días correspondientes. que era la única queja que se tenia.,2015,1,21,9,1994,1500
172,121,173,1,2,1,2013,2,3,0,,5,1,0,4,12.7,0.5556,"Problemas personales, Falta de tiempo para estudiar",4,0,0,2,2,5,1,,0,0,,0,,1500,400.0,0.0,0.0,1900.0,0.0,400.0,0.0,300.0,400.0,0.0,400.0,0.0,300.0,1800.0,3,3,8866.27,,8866.27,0.0,3000.0,1000.0,900.0,1000.0,1000.0,1000.0,500.0,370.0,8770.0,3,realizar mas jornadas en la universidad ,2015,1,15,8,1996,1500
173,171,174,1,2,1,2014,2,2,0,,4,4,0,0,13.458,0.889,,6,0,0,2,2,5,9,,0,0,,0,,1500,2500.0,0.0,0.0,4000.0,1500.0,500.0,600.0,0.0,1000.0,0.0,1000.0,600.0,300.0,5500.0,3,4,13414.0,6000.0,19414.0,200.0,12000.0,2000.0,1500.0,0.0,1500.0,800.0,0.0,2500.0,20500.0,4,ninguna me parece muy buena su atencion,2015,1,21,10,1995,1500
174,27,175,1,2,2,2013,2,3,0,,5,5,0,0,13.332999999999998,1.0,,4,1,3,0,0,3,9,,0,0,,0,,1500,2000.0,0.0,0.0,3500.0,0.0,800.0,0.0,0.0,0.0,0.0,1000.0,1000.0,0.0,2800.0,3,1,6800.0,3000.0,10800.0,0.0,4000.0,1300.0,1500.0,0.0,0.0,500.0,0.0,0.0,7300.0,5,"Ninguna Sugerencia o Recomendación, sus atenciones han sido  Excelentes ",2015,1,14,9,1995,1500
175,180,176,1,2,1,2013,2,1,0,,5,2,0,3,12.7,0.35710000000000003,"Problemas vocacionales, Deficiente formación del bachillerato, Mala distribución del tiempo",3,0,0,11,2,5,9,,0,1,"fecha:2014
instituto:OBE
compras de material de estudio",0,,1500,1000.0,0.0,0.0,2500.0,2000.0,500.0,0.0,0.0,0.0,0.0,1500.0,0.0,0.0,4000.0,5,4,5909.3,2000.0,7909.3,0.0,3000.0,1000.0,2000.0,0.0,1000.0,500.0,0.0,500.0,8000.0,4,mejorar el servicio en OBE,2015,1,16,9,1996,1500
176,92,177,1,1,1,2014,4,2,0,,5,5,0,0,16.6,1.0,,5,0,0,24,0,32,3,"Sta. Eduvigis, Municipio Sucre, Caracas.",0,0,,0,,1500,4000.0,4000.0,0.0,9500.0,3000.0,400.0,2000.0,1200.0,1300.0,6500.0,2070.0,400.0,760.0,17630.0,5,2,12054.5,10000.0,22054.5,1700.0,4500.0,300.0,2000.0,0.0,0.0,700.0,250.0,1800.0,11250.0,5,"Todo me parece bien, cómodo y sencillo, bien explicado y resumido.",2014,2,11,10,1996,1500
177,63,178,1,2,2,2014,3,2,0,,5,2,0,3,12.352,0.5313,Elevada carga horaria,5,0,0,4,3,5,1,,0,0,,0,,1500,1000.0,0.0,0.0,2500.0,1000.0,80.0,0.0,0.0,420.0,0.0,1000.0,0.0,0.0,2500.0,6,1,13500.0,17879.0,31379.0,2000.0,10000.0,800.0,700.0,0.0,0.0,1512.0,3500.0,0.0,28512.0,3,Tener más amabilidad con los estudiantes,2014,2,17,6,1996,1500
178,141,179,1,1,1,2014,3,3,0,,4,4,0,0,13.936,1.0,,4,0,0,2,2,3,1,"(Vivienda propia), urbanización Raúl Leoni Casalta 3, residencias Salto Ángel bloque 8 piso 11, apartamento 06 - Propatria",0,0,,0,,1500,1200.0,500.0,0.0,3200.0,400.0,500.0,300.0,1200.0,1000.0,0.0,2000.0,450.0,250.0,6100.0,3,4,8138.0,0.0,8138.0,0.0,7000.0,1200.0,2190.0,1500.0,4000.0,300.0,200.0,0.0,16390.0,5,"informar a los estudiantes acerca de la ubicación de las oficinas, debido a que muchos no saben.",2015,1,24,10,1996,1500
179,34,180,1,2,2,2014,2,3,0,,5,5,0,1,15.027000000000001,0.15027000000000001,Problemas de salud,5,1,2,1,1,33,9,,0,1,"solicitud 2015 en el instituto OBE , motivo ayuda economica para gastos de la universidad (libro, pasaje, equipo de enfermeria, etc)",0,,1500,500.0,300.0,0.0,2300.0,500.0,1000.0,1000.0,2500.0,1000.0,0.0,3000.0,1000.0,1000.0,11000.0,3,3,5600.0,2000.0,7600.0,2000.0,5000.0,3000.0,1500.0,2500.0,0.0,2000.0,0.0,2000.0,18000.0,5,hasta los momentos todo marcha excelente,2014,2,3,3,1996,1500
180,90,181,1,2,1,2012,4,4,0,,5,5,1,0,15.0,1.0,,5,0,0,12,2,24,5,Distrito Libertador. Municipio Libertador URB. La campiña Calle los mangos. Residencia Villa Magna piso 02,0,0,,0,,2000,6500.0,0.0,0.0,8500.0,1800.0,500.0,0.0,0.0,400.0,5000.0,600.0,0.0,200.0,8500.0,5,5,19266.0,0.0,19266.0,0.0,8500.0,400.0,1000.0,0.0,0.0,1000.0,0.0,1500.0,12400.0,4,"Me parece que la atención es muy buena, fueron muy cordiales.",2014,2,3,3,1995,1500
181,83,182,1,2,1,2014,4,3,0,,4,4,0,0,14.75,1.0,,5,0,0,2,2,5,0,,0,0,,0,,1500,2000.0,0.0,0.0,3500.0,1500.0,300.0,0.0,0.0,600.0,0.0,150.0,0.0,100.0,2650.0,5,4,13871.0,5622.0,19493.0,0.0,16000.0,1000.0,0.0,0.0,0.0,1000.0,0.0,6000.0,24000.0,5,Es mi primera renovación. La beca me a ayudado a cubrir parte de mis gastos.,2015,1,20,3,1996,1500
182,109,183,1,2,1,2012,2,4,0,,6,6,0,0,14.581,1.0,,6,0,0,2,2,3,1,,0,0,,0,,1500,600.0,0.0,0.0,2100.0,1000.0,100.0,500.0,0.0,600.0,0.0,500.0,0.0,0.0,2800.0,5,3,8100.0,0.0,8100.0,0.0,12000.0,500.0,2000.0,0.0,0.0,500.0,450.0,400.0,15850.0,5,excelente atencion,2014,2,3,7,1995,1500
183,1,184,1,2,2,2013,4,4,0,,5,5,0,0,13.413,1.0,no eh reprobado materias,4,0,0,24,0,34,1,urbanizacion el marques av sanz edificio bremen piso 4 apartamento 44,0,0,,0,,1500,1500.0,0.0,0.0,3000.0,500.0,200.0,500.0,0.0,500.0,3000.0,1000.0,0.0,80.0,5780.0,3,1,5650.0,,5650.0,1000.0,500.0,200.0,2000.0,0.0,0.0,0.0,0.0,100.0,3800.0,4,ninguna. el metodo actual es realmente eficaz.,2015,1,12,5,1995,1500
184,49,185,1,2,2,2014,2,2,0,,5,5,0,0,14.117,1.0,,5,0,0,2,2,4,1,,0,1,"año 2014, OBE, solicitada para cubrir parte de los gastos mensuales estudiantiles",0,,1500,1000.0,0.0,0.0,2500.0,1000.0,800.0,1000.0,0.0,1500.0,0.0,2000.0,200.0,200.0,6700.0,11,4,15000.0,1200.0,17200.0,0.0,12000.0,1000.0,3000.0,0.0,2500.0,2000.0,2000.0,2100.0,24600.0,3,que las jornadas duren mas tiempo,2014,2,19,11,1996,1500
185,53,186,1,2,2,2012,4,5,0,,4,4,0,0,14.597,1.0,,3,0,0,2,2,5,9,,0,0,,0,,1500,1300.0,0.0,0.0,2800.0,1600.0,300.0,100.0,0.0,350.0,0.0,350.0,100.0,0.0,2800.0,3,3,6537.0,3400.0,9937.0,0.0,6000.0,1100.0,450.0,0.0,0.0,400.0,200.0,487.0,8637.0,4,"El servicio brindado a través de la trabajadora social es bueno,con grata atención, responsabilidad y puntualidad. Los pagos se realizan siempre durante la fecha estipulada, aunque aun no se ha recibido el aumento becario.",2014,2,30,3,1995,1500
186,2,187,1,2,2,2014,4,3,1,Enfermedad de mi mamá,5,5,0,0,15.0,1.0,,5,0,0,5,5,3,9,,0,0,,0,,1500,0.0,2000.0,0.0,3500.0,0.0,1320.0,0.0,0.0,300.0,0.0,300.0,0.0,250.0,2170.0,3,1,0.0,3000.0,3000.0,0.0,2500.0,200.0,0.0,0.0,0.0,300.0,0.0,0.0,3000.0,5,"La atención me parece totalmente agradable y satisfactoria, por lo que no es necesario una mejora.",2014,2,29,8,1996,1500
187,174,188,1,2,1,2014,4,2,0,,5,3,0,2,11.4,0.3845,"Problemas económicos, Problemas de salud",4,0,0,23,3,19,3,colinas de Bello Monte av-Caurimare edf-san antonio de padua piso uno apartamento uno,0,0,,0,,1500,3000.0,5000.0,0.0,9500.0,1000.0,500.0,1000.0,500.0,0.0,5000.0,1500.0,0.0,0.0,9500.0,3,3,7873.44,,7873.44,0.0,2000.0,1000.0,2500.0,0.0,600.0,650.0,0.0,1000.0,7750.0,3,..,2015,2,2,8,1996,1500
188,192,189,1,2,1,2012,4,6,0,,7,7,0,0,14.314000000000002,0.9673999999999999,,4,0,0,2,2,3,9,,0,0,,0,,1500,1000.0,0.0,0.0,2500.0,500.0,600.0,0.0,0.0,500.0,0.0,500.0,200.0,200.0,2500.0,3,3,6126.0,,6126.0,0.0,3000.0,1200.0,1000.0,0.0,0.0,500.0,0.0,400.0,6100.0,5,extender el horario de atención,2014,2,19,10,1994,1500
189,126,190,1,1,1,2012,2,5,0,,4,4,0,0,16.449,1.0,,7,0,0,6,4,5,0,,0,0,,0,,1500,2000.0,200.0,0.0,3700.0,1500.0,2300.0,0.0,0.0,0.0,0.0,700.0,110.0,200.0,4810.0,3,4,14000.0,6000.0,20000.0,0.0,10000.0,3000.0,3000.0,0.0,500.0,2000.0,300.0,800.0,19600.0,5,"Informar con anticipaciòn el proceso de renovaciòn,ya que la constancia de trabajo demora dos semanas en ser emitida por la secretaria del dador de trabajo.",2014,2,7,1,1991,1500
